GeneID	Fold_change	baseMean	log2FoldChange	lfcSE	stat	pvalue	padj
ENSG00000137801.11	5.62343149318449	1857.42253281855	2.49145075098573	0.0791006415771903	31.4972255762862	9.48057049062923e-218	7.77122363116878e-214
ENSG00000120708.17	2.5865422667818	2979.88870400146	1.37102476686673	0.0621225009805348	22.0696968928588	6.18044378800025e-108	2.5330548865119e-104
ENSG00000146674.16	6.86559083589278	444.590222175919	2.77938388050841	0.1406078762228	19.7669145937768	5.73795436867805e-87	1.56780039866846e-83
ENSG00000184357.5	0.148876386637075	360.26798644215	-2.74781314945043	0.152097278743548	-18.0661558980522	5.88757904637907e-73	1.20651213607923e-69
ENSG00000286522.2	0.145028409813708	401.562129460631	-2.78559255545669	0.157242074686055	-17.7153129085731	3.19446175498849e-70	5.23700060112814e-67
ENSG00000288825.1	0.194478682072475	633.231424175177	-2.36231607311493	0.133747054370757	-17.6625652372606	8.14522731587768e-70	1.11277380513749e-66
ENSG00000102265.12	4.27751821550189	547.85586425787	2.09677399834024	0.119237054598357	17.5849194313218	3.21438024110804e-69	3.76403926233751e-66
ENSG00000196787.4	0.104867227363882	286.269436797742	-3.25336421112704	0.18538411292029	-17.5493150943625	6.02016076643441e-69	6.16840722530785e-66
ENSG00000203852.4	0.140106877634451	355.773035216894	-2.83540031766555	0.17240954446384	-16.4457270998719	8.99977787720921e-61	8.19679769549821e-58
ENSG00000115414.21	1.95179212093316	4882.5448500012	0.964799404299731	0.0598027965221442	16.1330148489373	1.49538891971689e-58	1.22577029749194e-55
ENSG00000167996.16	3.55894320054216	5513.20074197997	1.83144890813569	0.114970305757116	15.9297559145818	3.93891660236921e-57	2.93520903542004e-54
ENSG00000091986.16	3.93123592868988	461.518101647261	1.9749829480757	0.124796579103831	15.825617675245	2.07156163804289e-56	1.41504922891979e-53
ENSG00000270276.3	0.167685649017831	386.906578676617	-2.57616887036636	0.16635574011076	-15.4859030932816	4.31954001707678e-54	2.72363611692141e-51
ENSG00000270882.3	0.170955946842052	388.923660940906	-2.54830348591943	0.165800394283132	-15.3697070319855	2.61348256099711e-53	1.53019403946381e-50
ENSG00000110092.4	3.49969659439275	461.364149010747	1.80722985327517	0.121985434149329	14.8151282641077	1.16965792166157e-49	6.39179065590661e-47
ENSG00000287080.2	0.124884791302004	208.674002859386	-3.00133030128146	0.207873571019826	-14.4382486265905	2.97300930689922e-47	1.5231098305408e-44
ENSG00000124635.9	0.160406597562442	246.940618948891	-2.64019461347564	0.184573220927635	-14.3043210721818	2.05634812277051e-46	9.36438086797213e-44
ENSG00000125148.7	2.41643187027981	3834.61002501679	1.27287831949352	0.0889686301989706	14.3070463897988	1.97734578676559e-46	9.36438086797213e-44
ENSG00000166741.8	2.94070824098814	562.492375642764	1.5561636559831	0.111789942665791	13.9204262823127	4.76056293790476e-44	2.05380707378975e-41
ENSG00000196747.5	0.11640038618179	187.10973794982	-3.10283225020105	0.22430952128557	-13.8328156219941	1.61570337281897e-43	6.62196027349854e-41
ENSG00000273542.2	0.278875790501562	707.546855320875	-1.84230539694752	0.134745880114307	-13.6724432345142	1.48329872720342e-42	5.78980936518403e-40
ENSG00000187837.4	0.294007929610655	394.813669615	-1.76607302875193	0.129987249690314	-13.5865096996781	4.81500190256372e-42	1.79402593615067e-39
ENSG00000158373.9	0.23212358098525	277.368496659273	-2.10703500416361	0.157798934776532	-13.3526567029587	1.14298619279375e-40	4.0735034010132e-38
ENSG00000158406.6	0.253756142517857	282.262261923645	-1.9784853497411	0.153820445567302	-12.8623041133725	7.33569352194287e-38	2.50544499164024e-35
ENSG00000275126.2	0.169600079656263	243.822494185289	-2.55979124739387	0.199371740683276	-12.8392882492829	9.87784213942045e-38	3.23874688067318e-35
ENSG00000245532.10	7.22660787438862	147.121969306255	2.85331861381837	0.223012252200923	12.7944477743208	1.76099790312193e-37	5.55188454303479e-35
ENSG00000273703.2	0.124714924256337	142.956608197341	-3.00329397645378	0.23737713375369	-12.6519935975387	1.09071531699964e-36	3.31133090868372e-34
ENSG00000274641.2	0.112033494251742	138.317266069055	-3.15799798075769	0.249743952407983	-12.6449427516017	1.19311415001286e-36	3.49284167416266e-34
ENSG00000278677.2	0.130611574731681	153.798181101792	-2.93664534143293	0.235439186617615	-12.4730525263088	1.04735631285816e-35	2.96040679189597e-33
ENSG00000154175.18	6.62959914949776	168.161493016737	2.72892164220595	0.220177974362034	12.3941627227383	2.81066022188509e-35	7.67966061293069e-33
ENSG00000197903.8	0.307690108348999	376.021149945698	-1.70045003036842	0.137634766432831	-12.3548001311012	4.58895242905226e-35	1.21340784067553e-32
ENSG00000203814.7	0.228922444468524	238.412944584515	-2.1270691774895	0.17270422527119	-12.3162544179186	7.40546659767585e-35	1.83947302124694e-32
ENSG00000275379.2	0.190933546345129	193.363609549223	-2.38885749348702	0.193937930083673	-12.3176394244095	7.27939965657587e-35	1.83947302124694e-32
ENSG00000180596.8	0.308800834795309	457.638932157602	-1.69525144217313	0.137801985508675	-12.302082846741	8.82682428931104e-35	2.12804349116125e-32
ENSG00000277075.2	0.175447882257405	176.203485394623	-2.51088556108389	0.205876254610143	-12.1960911220122	3.26106381487136e-34	7.63741145442873e-32
ENSG00000278705.3	0.258715240032985	333.911390099669	-1.95056305411397	0.161137696622775	-12.104945614807	9.94352598489591e-34	2.26408562494977e-31
ENSG00000276368.2	0.110053915142544	122.982747681867	-3.18371762520299	0.266655139212893	-11.9394572127903	7.37025805835024e-33	1.63281095417019e-30
ENSG00000274997.2	0.127485543514667	132.494501361366	-2.97159443589873	0.250365522746297	-11.8690241503817	1.71455865838031e-32	3.69848350598511e-30
ENSG00000197061.5	0.292783251859882	388.383736207766	-1.772095065684	0.149864432448898	-11.8246540338266	2.91099541293382e-32	6.1183152307227e-30
ENSG00000277157.2	0.177170802739623	153.924973113955	-2.4967872235758	0.2127036561795	-11.738337123217	8.1064654597647e-32	1.66121743434228e-29
ENSG00000276410.4	0.138597200656507	133.063416123581	-2.85102997622724	0.24372007373358	-11.6979694472923	1.30539792325929e-31	2.60984067730645e-29
ENSG00000112096.19	5.97345439466585	142.522217732776	2.57856547031411	0.22390852633162	11.5161557827196	1.09383012439562e-30	2.13479179277879e-28
ENSG00000278828.2	0.154562778261874	153.511511062462	-2.69373516296255	0.23720299010574	-11.3562445471777	6.90495544681189e-30	1.31627720459342e-27
ENSG00000129152.4	0.148607420441344	122.510799314969	-2.75042193885846	0.243911380562559	-11.2763165560987	1.71789327704827e-29	3.20035708908288e-27
ENSG00000197153.5	0.122160589654333	115.18282882377	-3.03314916390937	0.270449268990358	-11.2152241166439	3.43315628809533e-29	6.25368490967055e-27
ENSG00000273802.3	0.228736637088005	178.714560683972	-2.12824063201523	0.190781102066343	-11.1554059021797	6.73845913844816e-29	1.20076412082303e-26
ENSG00000185130.6	0.135728722026986	112.234711277892	-2.88120204810804	0.262709699465702	-10.9672465613862	5.49194044220686e-28	9.57817783080206e-26
ENSG00000276886.4	3.30515980016499	268.168947432824	1.72472002584257	0.157814430143057	10.928785309931	8.39648197233513e-28	1.43387422348398e-25
ENSG00000109846.9	7.60509949674996	101.699334179961	2.92696712270701	0.268550942036002	10.899113220443	1.16386024839629e-27	1.94697192981722e-25
ENSG00000108821.14	1.79960291033215	2042.73043673401	0.847678605169383	0.0778425166520563	10.8896608386696	1.2912022790858e-27	2.11679701633326e-25
ENSG00000276903.2	0.142389321581649	115.986111429809	-2.81208713874356	0.262669846367803	-10.7057859043552	9.56158543997718e-27	1.53679050689202e-24
ENSG00000166825.15	3.84990469713884	181.259506950687	1.94482273290703	0.183057983502598	10.6240803907874	2.30270455586235e-26	3.62985947007763e-24
ENSG00000106366.9	1.66129219296933	2539.1715686808	0.732305841075332	0.0689801661286717	10.6161797248984	2.5060848532326e-26	3.87592029093352e-24
ENSG00000276966.3	0.381559788879222	339.330098740686	-1.39001895562276	0.131863691386878	-10.5413320452599	5.57042423246824e-26	8.45569767287818e-24
ENSG00000006016.12	4.40917540503526	142.533452544606	2.14050887113396	0.206419765343916	10.369689489607	3.40629791938584e-25	5.07662255367377e-23
ENSG00000168298.7	0.302647166992257	233.158118404524	-1.72429124849926	0.166389598536077	-10.3629749916452	3.65416259999845e-25	5.34878050574774e-23
ENSG00000135919.14	3.59077393749895	195.775775980387	1.84429482885462	0.178829551323732	10.3131435224368	6.14575494767099e-25	8.83802689579984e-23
ENSG00000184009.13	1.65904867527524	1836.84739883783	0.730356214532498	0.0713748289405609	10.2326860235381	1.41538236556222e-24	2.00032573284716e-22
ENSG00000197409.8	0.210539864839596	142.225471966182	-2.247834667481	0.225994761077443	-9.9464016633143	2.61466868703178e-23	3.6326168182372e-21
ENSG00000049540.19	4.04036699118172	146.456661456836	2.01448634057896	0.206940168447869	9.73463178119737	2.14593463941678e-22	2.93170437321655e-20
ENSG00000141753.7	3.03897513859846	210.911862267817	1.60358487243592	0.165097984314009	9.71292822925061	2.6559512222164e-22	3.56898888008326e-20
ENSG00000196866.3	0.171271136973719	100.055600357498	-2.54564604943957	0.262555987981919	-9.69563127851754	3.14685560061962e-22	4.1604476384321e-20
ENSG00000107984.10	2.97231077739837	232.834350307574	1.57158496835669	0.162409387555679	9.67668797973825	3.78788429269646e-22	4.92845834083062e-20
ENSG00000165092.13	4.24138033711736	128.0763934078	2.08453385946585	0.217789423357808	9.57132732768733	1.05541861934863e-21	1.35176037856261e-19
ENSG00000205542.11	1.90618043529696	1146.64926529836	0.930684688391286	0.0985246695308129	9.44620969370743	3.51322439879469e-21	4.43044621491078e-19
ENSG00000260549.3	3.79750639055306	154.01400386904	1.92505239253814	0.204993771285582	9.39078480514563	5.95548323237206e-21	7.39652970541724e-19
ENSG00000184260.6	0.294112436471108	186.972857778127	-1.76556030537217	0.191688644079539	-9.21056285754507	3.24419264159844e-20	3.96905180346006e-18
ENSG00000011465.18	3.59536855419721	143.823167278045	1.84613966609137	0.202929224293112	9.09745588651536	9.24725012724832e-20	1.1147016072508e-17
ENSG00000277775.2	0.166970622994296	86.4403544966927	-2.58233379930541	0.286748115053651	-9.00558247374092	2.14523979872789e-19	2.548482700025e-17
ENSG00000113140.11	1.4795770543391	3168.41626100066	0.565184832062868	0.0629046143013459	8.98479131205444	2.59225771513303e-19	3.03553378442077e-17
ENSG00000105974.13	1.83063554344061	701.592874907375	0.872344597248063	0.0978671984120498	8.91355440231603	4.94221405703633e-19	5.70582093317279e-17
ENSG00000170296.10	2.9511027939352	188.643223170037	1.56125417414765	0.175583117503738	8.89182397683773	6.01138695482555e-19	6.84379706509793e-17
ENSG00000197238.5	0.325994777360075	398.714241241844	-1.61707924312142	0.181984684342255	-8.88579854379509	6.34632646944442e-19	7.12614220137478e-17
ENSG00000183598.4	0.108147510101604	74.9667300210638	-3.20892764461677	0.36567457402108	-8.77536441577091	1.70351318423352e-18	1.88698615826515e-16
ENSG00000189403.15	0.348038520982678	191.63020971101	-1.52268110216079	0.17727047945479	-8.58959205640965	8.72786531900035e-18	9.41346210787446e-16
ENSG00000278463.2	0.135672902112679	68.5305965488104	-2.88179549418593	0.335488885068415	-8.58983895576231	8.70913094976711e-18	9.41346210787446e-16
ENSG00000163017.14	0.237506022615283	102.551706737818	-2.07396399749836	0.243123636448185	-8.5304910201126	1.45727845377437e-17	1.55133915397253e-15
ENSG00000128595.17	2.00420389319193	506.226950136039	1.00302928534636	0.117798778211993	8.51476815439704	1.66923928629855e-17	1.75419928587041e-15
ENSG00000273983.2	0.10549887498661	58.4100814542481	-3.24470048040885	0.381310384920122	-8.50934201828404	1.74923149908361e-17	1.8149937465808e-15
ENSG00000163661.4	5.95532868544711	69.9818785057623	2.57418113525623	0.305927525723846	8.41434953970074	3.9508101546188e-17	4.04809885467629e-15
ENSG00000124762.14	3.36835879813727	133.933909548924	1.75204582270448	0.209998553307324	8.34313282216014	7.23478277701033e-17	7.32142153372267e-15
ENSG00000108654.16	0.335501840144347	165.738391408133	-1.57560741561587	0.189113434682164	-8.33154671567324	7.97929394213574e-17	7.97637468825447e-15
ENSG00000101335.10	1.97511811985708	421.893739684806	0.981938934725851	0.117946643842851	8.32528084507566	8.4129043922325e-17	8.30850328953371e-15
ENSG00000173432.13	15.6567561097112	45.2094413464323	3.96871342953335	0.476932558124178	8.32133047310228	8.69813580381463e-17	8.48793085522244e-15
ENSG00000288411.1	16.4296556324436	44.5278427432732	4.03823033643083	0.487263271524459	8.28757382799808	1.15581858286055e-16	1.11461704984799e-14
ENSG00000198542.15	3.58695416632281	114.277422836886	1.84275931082618	0.222643783990076	8.27671573758515	1.26619003578741e-16	1.20685578178481e-14
ENSG00000198467.16	1.78256845547136	687.973945047057	0.83395748114192	0.101755674273768	8.19568527351314	2.49169506958101e-16	2.34763499831673e-14
ENSG00000118523.6	2.11186201913198	343.917461307659	1.07851557768077	0.13195469818886	8.17337762492659	2.99873513133543e-16	2.76186874961309e-14
ENSG00000172757.13	1.71200071689619	718.475309755964	0.775683305864274	0.0948995628662178	8.17372896604143	2.99001105981542e-16	2.76186874961309e-14
ENSG00000184270.6	0.174367621836506	72.7358837673829	-2.51979592261986	0.308570849352578	-8.16602063320861	3.1872878388391e-16	2.90291093499601e-14
ENSG00000111799.22	3.91155390298435	96.4684983058121	1.96774184609541	0.246153506916546	7.99396226665394	1.30669768677723e-15	1.17703307016626e-13
ENSG00000104904.12	1.7971182888263	570.348656768397	0.845685372168167	0.107485574945676	7.867896437225	3.60653932006586e-15	3.21334813114999e-13
ENSG00000275714.2	0.158915666252858	66.0342678064588	-2.6536667391675	0.338102895789165	-7.84869568470742	4.20386295478568e-15	3.70527576778261e-13
ENSG00000115419.13	2.68380241065215	189.401811909787	1.42427846003827	0.182078314320939	7.82233988352824	5.18503843259392e-15	4.52146383318855e-13
ENSG00000277224.3	0.153416323653266	58.9416502043107	-2.70447609965606	0.346670614004037	-7.80128453467523	6.12801664415223e-15	5.28751078232798e-13
ENSG00000278637.2	0.136435695214996	59.4947404054432	-2.87370695365918	0.370294707054169	-7.76059419406932	8.45323934989059e-15	7.2178336407347e-13
ENSG00000275713.3	0.161997189742897	61.2170373707903	-2.62595930880927	0.338567829493179	-7.75608040710842	8.75944990028386e-15	7.40218668377596e-13
ENSG00000164032.12	0.412748680643965	205.084536325821	-1.27666449133321	0.164798176115403	-7.74683629046474	9.421028934278e-15	7.88001777288538e-13
ENSG00000166923.12	4.16484106089592	81.6521715146134	2.05826144036093	0.269091356232597	7.64893183184158	2.02655628866604e-14	1.6779476664844e-12
ENSG00000282046.3	4.120853782648	80.9570929914234	2.04294327439468	0.269248820726244	7.58756628491168	3.25969872514472e-14	2.67197504500113e-12
ENSG00000140264.21	1.87450320157746	436.958808517688	0.906508289694277	0.119846188451921	7.56393091348037	3.91067495195184e-14	3.17384183971775e-12
ENSG00000198727.2	2.09778581079759	2379.80069305805	1.06886738264591	0.141471541472448	7.55535262796352	4.17726559759364e-14	3.35696530426226e-12
ENSG00000183087.15	2.91603378196007	133.798323968681	1.54400743323959	0.205296263700854	7.52087449330997	5.44110630773103e-14	4.33016974800692e-12
ENSG00000180573.10	0.404776236440655	263.483690026993	-1.30480349995287	0.175257926539065	-7.44504699855628	9.69099120922608e-14	7.63817835981021e-12
ENSG00000117632.23	0.419822392089457	197.960453390947	-1.25214897710229	0.168800073656579	-7.41794094029699	1.18955119143375e-13	9.28642963445944e-12
ENSG00000164104.12	0.172377675367841	58.0598983915532	-2.53635515179226	0.344961386723029	-7.35257698227168	1.94421490230909e-13	1.50346505228562e-11
ENSG00000103257.9	2.94693792062124	120.367517915943	1.55921666936751	0.213977853604048	7.28681329915915	3.17372229106968e-13	2.40879644628687e-11
ENSG00000274290.3	0.189422751688704	59.062517344633	-2.40031847064313	0.329405608897008	-7.28681724236703	3.17362944239301e-13	2.40879644628687e-11
ENSG00000132341.12	1.84711075330212	415.623299125869	0.885270373331351	0.122439548463905	7.2302649302266	4.82052710396291e-13	3.62512483221872e-11
ENSG00000181163.14	0.542944025581161	391.085703590448	-0.881124622785849	0.123044198556037	-7.16104158608152	8.00663536519755e-13	5.96639909895676e-11
ENSG00000164733.22	2.27027888672657	198.952451671257	1.18286953266317	0.165255331770575	7.1578297655494	8.19642471661274e-13	6.05280120739411e-11
ENSG00000233822.6	0.251517026347149	77.1368450655271	-1.99127202887184	0.278644765529614	-7.14627466655284	8.91645639694013e-13	6.52573152551056e-11
ENSG00000163430.12	1.7477017535508	448.867191525617	0.805459008989079	0.11466386863499	7.02452323105456	2.14798437576577e-12	1.54594265167051e-10
ENSG00000197837.4	0.320937280778089	118.280321917198	-1.63963670891467	0.233420488288521	-7.02439070767425	2.15002393912942e-12	1.54594265167051e-10
ENSG00000138758.12	2.5734429772975	146.111439808435	1.363699815464	0.196163806998597	6.95184211771415	3.60546789300101e-12	2.56991481034168e-10
ENSG00000085063.17	1.64983133733181	566.203420180388	0.72231854493634	0.105121029389424	6.87130395442086	6.36176768138714e-12	4.49546635209745e-10
ENSG00000130066.17	3.85327081619677	71.3051649701441	1.94608358528476	0.283569634254531	6.86280669790602	6.75205670136375e-12	4.73047938299817e-10
ENSG00000113739.11	1.6367969908309	599.601406789927	0.710875397875904	0.104044457303525	6.83241968192591	8.34941554923617e-12	5.80001349636346e-10
ENSG00000132507.18	2.17858684827331	198.978077513371	1.12339262671453	0.165293264982707	6.79636055850223	1.07295054735036e-11	7.32914636385909e-10
ENSG00000288145.1	2.17858684827331	198.978077513371	1.12339262671453	0.165293264982707	6.79636055850223	1.07295054735036e-11	7.32914636385909e-10
ENSG00000092841.19	1.41171199430068	1417.69789214343	0.497445792026131	0.0733062959467594	6.78585359690543	1.15402132552437e-11	7.81777917795309e-10
ENSG00000269378.1	2.09638797109053	240.261196577274	1.06790573604142	0.158357025051855	6.74365874006366	1.54447061398404e-11	1.03770701826452e-09
ENSG00000198959.12	9.14136822448594	34.0086445706548	3.19241011527791	0.47496800779966	6.72131609467149	1.80090433757269e-11	1.20016364675474e-09
ENSG00000117519.16	2.02830349112939	234.083073091375	1.02027353616213	0.152358227084976	6.69654376847717	2.13406552761252e-11	1.41072057498709e-09
ENSG00000197614.11	8.82647173436925	34.5187554916099	3.14183685479726	0.469737192964849	6.6884992328729	2.25470828728948e-11	1.47854750647295e-09
ENSG00000124575.7	0.207986351811516	53.6219478127739	-2.26543923392421	0.338944827738782	-6.6837993930686	2.32825472408731e-11	1.51465904550347e-09
ENSG00000198899.2	2.34003663940291	2122.77463148738	1.22653111915528	0.183701980302556	6.67674413272627	2.44308936901506e-11	1.57685067384382e-09
ENSG00000041982.16	0.188977957194299	48.220597614232	-2.40371012975886	0.363310055931185	-6.61613982469603	3.68699650520205e-11	2.36111799633916e-09
ENSG00000274618.2	0.293888033014319	79.7485265508002	-1.76666148058133	0.267416886299795	-6.60639462610737	3.93792329255511e-11	2.50226025031583e-09
ENSG00000276107.1	5.18072309068116	47.3840415427763	2.3731534736908	0.360757420971745	6.57825268652385	4.7600879476935e-11	3.00141853132643e-09
ENSG00000148677.7	1.88639211041549	329.199899053036	0.915629589562495	0.13956793396667	6.56045814779457	5.36427092341726e-11	3.35655944727109e-09
ENSG00000198938.2	1.81579360916285	3933.54241154706	0.860600229083191	0.131346812539782	6.55212115499591	5.67254888139273e-11	3.52256690763456e-09
ENSG00000135821.19	2.39399086803301	150.114892885117	1.25941764907815	0.194149003109913	6.48686127100619	8.76429680522571e-11	5.40157450469437e-09
ENSG00000087245.13	1.62399619430894	501.556125335176	0.699548251699166	0.107883442203153	6.48429673185491	8.91466203885105e-11	5.45324512928821e-09
ENSG00000251562.9	1.40531021731682	3206.11232841865	0.490888635487844	0.0757425204403287	6.48101796235544	9.11058237059555e-11	5.53181064383494e-09
ENSG00000106211.10	1.71183353545946	413.60653653892	0.775542415965922	0.120143087660518	6.45515635620527	1.08107227618529e-10	6.51584518227268e-09
ENSG00000100201.23	0.310138084091038	82.42939338232	-1.6890173991346	0.2633697889783	-6.41310229881289	1.42587768088476e-10	8.48074663583333e-09
ENSG00000119630.14	0.275994610952481	67.6531081495298	-1.85728799755071	0.289617480452243	-6.41290019735867	1.42776995943028e-10	8.48074663583333e-09
ENSG00000159251.8	0.684328657713366	1145.08379027384	-0.547238730337646	0.0855312563801283	-6.39811401700382	1.57307809268127e-10	9.27663390338734e-09
ENSG00000198886.2	2.16272766704151	2363.22872123313	1.11285201104912	0.174877021422899	6.36362629003126	1.9704523249226e-10	1.15369983624219e-08
ENSG00000100243.22	2.31798529152437	144.110072426002	1.21287141193879	0.191075872794475	6.34759058901892	2.18713194233437e-10	1.27148372562516e-08
ENSG00000161203.14	2.03440427274519	204.970961752904	1.02460639715532	0.162225843380212	6.31592584637657	2.68548803374271e-10	1.55020742342176e-08
ENSG00000026508.21	1.79608288922032	298.269626408112	0.844853931987554	0.134717156237	6.27131655378213	3.58007924044678e-10	2.05216150587009e-08
ENSG00000169715.15	1.8406285347015	605.721545144694	0.880198499464755	0.140855143848281	6.24896241214195	4.13188329855067e-10	2.35201718043194e-08
ENSG00000182718.18	1.33206995200414	2322.50494564891	0.413669845742212	0.0664606000812482	6.22428694950842	4.83751003687607e-10	2.73469446705332e-08
ENSG00000149948.14	0.304242906963491	75.417578400055	-1.71670446615668	0.27650921362119	-6.20848919887535	5.34963988658082e-10	3.00349302399336e-08
ENSG00000169976.7	4.40111300677303	49.1617952457747	2.13786841609008	0.344814447601423	6.20005464086959	5.64435612784333e-10	3.14740048843074e-08
ENSG00000168899.5	2.55632341681008	112.422468900742	1.35407037240034	0.219207548689216	6.17711561712725	6.52832672045093e-10	3.61572257618488e-08
ENSG00000136830.12	1.97923144767284	205.033064303087	0.984940328345887	0.159967733099484	6.15711874677471	7.40803040506054e-10	4.07541108928062e-08
ENSG00000084623.12	2.92764595800948	83.4225905634393	1.54974109818928	0.25192932748774	6.15149142675617	7.67576762912659e-10	4.19455115039671e-08
ENSG00000278588.2	0.185138155276303	41.2599508160972	-2.43332584281645	0.396817774396306	-6.13209891245008	8.67271510945432e-10	4.70796329484749e-08
ENSG00000181019.13	1.84048508239367	255.378777868243	0.880086056353925	0.143839906621739	6.11851103788827	9.44537409883558e-10	5.09366654527337e-08
ENSG00000198888.2	1.87290339165427	1411.38161132908	0.905276484217424	0.148079481427157	6.11344985471704	9.7500017781303e-10	5.22357938400876e-08
ENSG00000169429.12	54.1766416142292	26.4332466207887	5.75959905917909	0.945030348829688	6.09461808957955	1.09699028017564e-09	5.83898008220763e-08
ENSG00000128606.13	0.479607206782989	182.197704238505	-1.06007475741971	0.174401151213174	-6.07837018302683	1.21410214364971e-09	6.37948414839529e-08
ENSG00000135486.19	0.640472695855489	543.892000200644	-0.642791026886444	0.105743772509871	-6.07876011635996	1.21115387506573e-09	6.37948414839529e-08
ENSG00000113810.16	0.214446884040803	46.365883357331	-2.22130774142982	0.367046119132745	-6.05184914276797	1.43192535337057e-09	7.47610963157869e-08
ENSG00000285132.2	2.15336801809893	155.584117419564	1.10659490218704	0.183104193706391	6.0435257095284	1.50782335761003e-09	7.8225494065376e-08
ENSG00000248527.1	3.21629539158227	199.608259642198	1.68539991286029	0.280963617413803	5.99864113501229	1.98975539244713e-09	1.02578773282321e-07
ENSG00000166441.13	1.42165287949628	1035.15279746077	0.507569249653266	0.0849483942412705	5.97503053691242	2.30047087555177e-09	1.17855998543111e-07
ENSG00000104368.19	2.95023266078404	76.9613161789299	1.5608287325503	0.262532184409211	5.94528528402226	2.75975785128017e-09	1.40507671471699e-07
ENSG00000177469.13	1.85119775072357	234.479000784228	0.888459016629172	0.150423692377028	5.90637686517031	3.49713463965716e-09	1.7695069531648e-07
ENSG00000199568.1	0.00418495107270361	22.9665670268501	-7.90057352869184	1.3400711298482	-5.89563744245936	3.73237684285407e-09	1.87695048962422e-07
ENSG00000089159.17	3.38532744794133	60.9193711711861	1.75929538614101	0.298701896512579	5.88980320072031	3.86655792220606e-09	1.93257166392214e-07
ENSG00000122862.5	2.27263650390781	142.723762572073	1.18436695122749	0.201773653176517	5.86977998654447	4.3637383326552e-09	2.15479295860088e-07
ENSG00000163597.16	2.65731926393801	91.0989193286158	1.40997157100853	0.240207028387685	5.86981813343483	4.36273443211935e-09	2.15479295860088e-07
ENSG00000275221.2	0.177222668204445	37.0214464403582	-2.49636494689431	0.426814500758847	-5.84882880608776	4.95046261568753e-09	2.42987677010723e-07
ENSG00000198840.2	2.01540337184111	1210.62193441672	1.01106861508804	0.173809503455431	5.81710778172325	5.98745379790832e-09	2.9213784988961e-07
ENSG00000131747.15	0.230630925267369	44.6181786482221	-2.11634211815752	0.366893275940233	-5.76827719923184	8.00860002547075e-09	3.88440795318247e-07
ENSG00000163735.7	7.42477111842779	28.2613054985064	2.89234655299775	0.502946835265256	5.75079978676536	8.88222520034009e-09	4.28279999806986e-07
ENSG00000168036.18	1.81657498190601	244.661039660629	0.861220916423018	0.149832254017678	5.74790069113829	9.03582806342835e-09	4.33138494946913e-07
ENSG00000176046.9	4.38408361905957	43.8396993803589	2.13227531555485	0.371322220215856	5.74238545249276	9.33520262854934e-09	4.4488753457104e-07
ENSG00000176597.12	0.151137271192551	30.5181380982097	-2.72606861483449	0.475111372284371	-5.73774650294593	9.5944576889984e-09	4.54599824720924e-07
ENSG00000147274.14	0.411077096365964	107.044665674887	-1.28251910216269	0.224219284902262	-5.71993217586857	1.06566583470831e-08	5.02026600408277e-07
ENSG00000075223.14	2.34812425528385	112.257243647624	1.23150875331114	0.215620576645651	5.71146210843779	1.1200963868094e-08	5.24653147581524e-07
ENSG00000168003.18	2.35636228784302	117.344779235349	1.2365613688341	0.216821902635939	5.70312018205273	1.17633980353219e-08	5.47866895997351e-07
ENSG00000132688.11	0.512647295963612	192.764323783468	-0.963961509538206	0.169103685448431	-5.70041691866125	1.19514769219233e-08	5.5348167417517e-07
ENSG00000187498.16	1.81346247321634	239.454227588688	0.85874689128842	0.151056845718022	5.68492534851049	1.30869812898374e-08	5.99296009121772e-07
ENSG00000198431.17	2.33282569457246	111.242482872639	1.22207851522164	0.214960965933968	5.68511827211012	1.30722160314403e-08	5.99296009121772e-07
ENSG00000128591.16	0.538146264349632	219.053963404091	-0.893929754497467	0.157275638218172	-5.6838412142217	1.31702565202539e-08	5.99758848314009e-07
ENSG00000159713.11	0.0955719304649724	23.9603752934967	-3.3872692297823	0.596383034198502	-5.67968744170356	1.34941099370103e-08	6.11111708031345e-07
ENSG00000171848.16	0.253196091885661	47.4164526964708	-1.98167295813331	0.350227367244211	-5.65824702314453	1.5292692039112e-08	6.88759322223083e-07
ENSG00000115380.20	3.01019077347251	66.6033724150732	1.58985492194216	0.281574685846987	5.64629919468727	1.63938443305288e-08	7.34318808619369e-07
ENSG00000116560.12	0.437143587648297	119.130115412165	-1.19382085826717	0.212815901200823	-5.60964125110476	2.02746459199061e-08	9.03213438073207e-07
ENSG00000175063.17	0.286143796463567	54.0210398924252	-1.805187764982	0.321909239194494	-5.60775381750174	2.04969292909108e-08	9.08180158905925e-07
ENSG00000176871.9	3.0809943088057	63.2115484133383	1.62339601744206	0.290187310447282	5.59430395126454	2.21508604844072e-08	9.76186039734869e-07
ENSG00000162616.9	1.7965459025978	303.176869075075	0.845225797351869	0.151215964865831	5.58952752179183	2.27688279127272e-08	9.9805391658088e-07
ENSG00000135046.14	1.78892135949735	235.182245681108	0.83908996829711	0.150503154222279	5.57523177924799	2.47200512433665e-08	1.07782053213763e-06
ENSG00000184678.11	0.217082413940607	39.0571279044893	-2.20368523834161	0.395578549941264	-5.57079052610111	2.53586070734561e-08	1.09981218085248e-06
ENSG00000011426.11	0.252402493843158	45.8137477742505	-1.98620193006063	0.358140661678125	-5.54587105734927	2.92494325928327e-08	1.26188209980763e-06
ENSG00000232774.8	2.52242743566374	90.0059403573686	1.33481276696736	0.241096684919731	5.53642107278151	3.08714861609669e-08	1.32488781184003e-06
ENSG00000169100.14	2.03532263505695	158.950008969559	1.02525750559842	0.185754735421959	5.51941517544333	3.40129728022819e-08	1.45210592739742e-06
ENSG00000204291.11	7.89344404605211	24.1369940946322	2.98065491038267	0.543617635209019	5.48299892669343	4.1817555639721e-08	1.77605442268805e-06
ENSG00000198763.3	1.95060574246704	948.887279324729	0.963922209076526	0.176207024620148	5.47039603644897	4.49031046445505e-08	1.8972719008834e-06
ENSG00000105971.15	2.59021064688356	82.5635728807007	1.37306942874456	0.251276670920351	5.46437289110611	4.6454610604021e-08	1.95276124677518e-06
ENSG00000164692.19	1.35535032296274	1123.38781838549	0.438665799090463	0.080386299835292	5.45697214561772	4.8432229480061e-08	2.02550502575541e-06
ENSG00000144810.16	2.07136173352371	135.853707593529	1.05057952149154	0.193336359518163	5.43394695188126	5.51209740631345e-08	2.29353616444423e-06
ENSG00000123384.14	1.93699071844809	165.076831891367	0.953817040941171	0.176315323170677	5.40972289752636	6.31223420788165e-08	2.61320120212151e-06
ENSG00000200972.1	0.00647418063892543	14.8465654291836	-7.2710866652926	1.35181033817237	-5.37877722929905	7.49934341013243e-08	3.07360589664278e-06
ENSG00000281499.1	0.00647418063892543	14.8465654291836	-7.2710866652926	1.35181033817237	-5.37877722929905	7.49934341013243e-08	3.07360589664278e-06
ENSG00000196154.12	1.57425772669764	385.945829247997	0.654671748336463	0.121892163255668	5.37090925987827	7.83406241488296e-08	3.19481639874605e-06
ENSG00000178980.16	0.544788797547183	217.809070473161	-0.876231057266618	0.163853137305327	-5.34766115362097	8.90980696072648e-08	3.6155290919344e-06
ENSG00000163191.6	1.59913512725337	626.345499360976	0.677291852002455	0.127035026527366	5.33153627402559	9.73853629541231e-08	3.93235379376821e-06
ENSG00000183255.12	1.87143144731497	174.247069273076	0.904142201628132	0.171352459963626	5.27650552446145	1.31670545575075e-07	5.29070324548475e-06
ENSG00000162734.13	1.61892652527188	336.681470715751	0.695037510636592	0.132823933480924	5.23277313373959	1.66985640894845e-07	6.67698194348804e-06
ENSG00000223749.11	0.439680104847798	103.240763657103	-1.1854738415881	0.227249073721991	-5.2166278267799	1.8220984706586e-07	7.25035978834394e-06
ENSG00000123416.15	0.716578303241596	819.8471404798	-0.480803733001608	0.0922407001990671	-5.2124900609381	1.86322553825565e-07	7.37819310970124e-06
ENSG00000096696.15	7.029647619946	23.0807183357205	2.81345237212881	0.540435620398818	5.20589736489354	1.93061336813984e-07	7.60828739357803e-06
ENSG00000129116.19	1.56932422659911	359.040808789875	0.650143447770056	0.124989809720998	5.20157162588936	1.97610285656228e-07	7.75029431351246e-06
ENSG00000060718.22	2.00692192893578	146.427510622439	1.00498449566022	0.19404362799379	5.17916772661239	2.22878012675169e-07	8.69967176142077e-06
ENSG00000047849.22	1.88203649974784	164.310817661821	0.912294607606609	0.176380598386414	5.17230702215873	2.31221249280959e-07	8.98256199220864e-06
ENSG00000134057.15	0.329303856749035	56.2575512200987	-1.60250868626378	0.310176663008645	-5.1664386054057	2.38596525463264e-07	9.22535716614327e-06
ENSG00000118971.9	3.89569402043104	38.3059079807442	1.9618803682462	0.380548728080011	5.15539856917801	2.53092012718065e-07	9.73988370070413e-06
ENSG00000143850.16	2.43476166423986	82.8050211119761	1.2837805556144	0.249407246124577	5.14732661365081	2.64225039000075e-07	1.0120806750858e-05
ENSG00000164713.10	2.0093000445126	146.057845391458	1.00669301474755	0.195610261035853	5.14642232680748	2.6550132334804e-07	1.01223923138785e-05
ENSG00000125968.9	0.50644389327052	141.456365065713	-0.981525646954697	0.190769944759347	-5.14507486068036	2.6741415124949e-07	1.01481194342226e-05
ENSG00000259316.12	0.219394476246812	33.8757274204229	-2.18840089180647	0.425884996022524	-5.1384784912468	2.769718888162e-07	1.04623897356055e-05
ENSG00000182481.10	0.464151686539165	111.542227550854	-1.10733173424254	0.215556412427415	-5.13708556276615	2.79031933206994e-07	1.04918566811823e-05
ENSG00000259001.3	1.68755143235969	1538.34732042495	0.75493147258096	0.147063204690314	5.13338108040483	2.84582869494921e-07	1.06517158961181e-05
ENSG00000104738.18	0.249511113993577	37.5122921897858	-2.00282401581257	0.390985877763625	-5.12249707653992	3.01515772262504e-07	1.12342035692534e-05
ENSG00000008517.19	5.58514016414611	26.2872051780006	2.48159348690037	0.485582855969458	5.11054592721548	3.21229206748758e-07	1.19145511661519e-05
ENSG00000116774.12	0.388889076543464	73.4050453722934	-1.36256938322633	0.267234027350044	-5.09878699482205	3.41836949817573e-07	1.26217904398858e-05
ENSG00000167772.12	2.77483618850861	62.0808903768787	1.47240260497555	0.289491038381126	5.08617680605737	3.65353479527144e-07	1.34296074963408e-05
ENSG00000276043.5	0.268601306370542	40.311740077358	-1.89646177340674	0.373768598299763	-5.0738927294416	3.89758829977886e-07	1.42627371845033e-05
ENSG00000113368.12	0.244382212482575	36.3723689704457	-2.03278881340121	0.401223374785633	-5.06647653439258	4.05246680082358e-07	1.47635868294893e-05
ENSG00000197956.10	1.25096650005635	2682.13019308892	0.323043155730998	0.063875540868894	5.05738427161112	4.25046208593517e-07	1.54163883709781e-05
ENSG00000164611.13	0.325505276889289	52.4979331515592	-1.61924716323132	0.32157130758752	-5.03542177123691	4.76797822014291e-07	1.72172323658641e-05
ENSG00000160213.9	2.38133636475063	85.3208243623924	1.25177141627546	0.248699373822981	5.03327128264683	4.82180018110379e-07	1.73352175809245e-05
ENSG00000060656.20	0.222242294714853	31.6120760585118	-2.16979469414221	0.433517365653058	-5.00509291219187	5.5835092868146e-07	1.99860373904014e-05
ENSG00000198786.2	1.81368692773497	949.450815601192	0.858925444408544	0.171665161980824	5.00349304714775	5.63006976285163e-07	2.00650790635195e-05
ENSG00000169045.17	0.616850226048192	278.077940453248	-0.697007855703539	0.140366799246407	-4.96561764922755	6.84827614405642e-07	2.43010041354245e-05
ENSG00000138061.12	124.522852111509	10.9730420189002	6.96026671602474	1.40838411732937	4.94202301089781	7.73160877330887e-07	2.73172401356952e-05
ENSG00000132780.17	0.360977469374844	60.4315297668851	-1.47001930164074	0.298882460217533	-4.91838597879191	8.72607213562196e-07	3.06985464788383e-05
ENSG00000100567.13	0.406466492878696	72.3302417237565	-1.2987916664497	0.267312809745862	-4.85869595132566	1.18161427731241e-06	4.13918471415804e-05
ENSG00000106333.13	0.205980594895892	27.5354175491614	-2.27941966508147	0.469432641225133	-4.85569060373093	1.1996789396598e-06	4.18458224186868e-05
ENSG00000259781.1	0.390124966579414	67.0408725528787	-1.3579917663333	0.280000639053472	-4.84995952482083	1.234866700476e-06	4.28906878974652e-05
ENSG00000090621.15	1.96276563806601	127.271885959831	0.972887919627756	0.201219615213096	4.83495567068571	1.33175309316412e-06	4.60606755471151e-05
ENSG00000108828.16	2.31005683503275	80.8628003008552	1.20792834714402	0.249944729318582	4.83278183315632	1.34638309157226e-06	4.63710176538562e-05
ENSG00000100292.18	2.35423107003142	77.6698610134128	1.23525592922424	0.257127270164424	4.80406426138441	1.55476893030222e-06	5.33240205928337e-05
ENSG00000155324.10	3.78093142146012	34.3630187984158	1.91874168195761	0.401141012754561	4.78320994600369	1.72517768707481e-06	5.88412453208162e-05
ENSG00000164924.18	1.48251473117399	392.886414367335	0.568046440343671	0.118772319319461	4.7826500618869	1.72999147521248e-06	5.88412453208162e-05
ENSG00000140545.16	2.07264669195041	103.031520859728	1.05147421234109	0.22015978754835	4.77595942497071	1.78852455743726e-06	6.05807264351784e-05
ENSG00000106400.12	2.60334243228215	60.9983734154427	1.38036509002205	0.289208411830884	4.77290781856381	1.81584916304414e-06	6.12531505739623e-05
ENSG00000082781.12	1.88986729640125	155.04301695447	0.918284934157794	0.193126507506155	4.75483632990427	1.98607249694515e-06	6.67206403994238e-05
ENSG00000127824.15	0.246917085138922	31.6625897144656	-2.01790142935682	0.426683757869006	-4.72926703241496	2.25331852621179e-06	7.53895998341146e-05
ENSG00000105048.18	0.379750703778898	59.4916122510475	-1.3968754564605	0.295437950053529	-4.72815173611721	2.26572842197164e-06	7.54966498979739e-05
ENSG00000114251.15	2.04002651938034	104.86027951313	1.02858790667218	0.21912769374414	4.69401146471786	2.67899009170604e-06	8.89055942579531e-05
ENSG00000168528.12	3.53390702779335	36.1957375706259	1.82126408507746	0.38866162390754	4.685988976135	2.7861126031647e-06	9.17179317596025e-05
ENSG00000197728.11	1.56605581078809	324.194987348628	0.647135628026433	0.138077283652622	4.68676389705428	2.7755885503401e-06	9.17179317596025e-05
ENSG00000088325.16	0.286413848183333	36.7740776879726	-1.80382684592198	0.387042304292194	-4.66054182170278	3.15378068722826e-06	0.00010340616117284
ENSG00000163739.5	45.2925962814534	14.773818388443	5.501203335424	1.18267406616406	4.65149570182666	3.2953614447696e-06	0.000107617839692336
ENSG00000120802.14	0.280523670995183	35.7863552941398	-1.83380558221191	0.394445917995719	-4.6490672068048	3.33439560649239e-06	0.000108460479311183
ENSG00000140105.18	2.15222319363913	94.6236913264325	1.10582769855413	0.239138780484352	4.6242089899195	3.76030593929653e-06	0.000121830939859342
ENSG00000119906.13	0.271075683077078	33.490217455075	-1.88323239328525	0.408332065063677	-4.61201202259628	3.98789922837533e-06	0.00012869610226375
ENSG00000133030.22	1.7804406229583	159.408011717594	0.832234323152816	0.180570310149766	4.60892115909064	4.04763772692898e-06	0.00013011171155936
ENSG00000198830.11	0.581347190161483	180.050801361341	-0.782528072523176	0.170053210751512	-4.60166596716975	4.19124990603401e-06	0.000134201857342815
ENSG00000239474.7	0.274391853238043	33.9799082270323	-1.8656904467132	0.406404932494155	-4.59071801925049	4.41723777551964e-06	0.000140887541034765
ENSG00000008394.13	2.82720024101305	52.5795935188547	1.49937406798898	0.326898680109423	4.58666296078984	4.50386878636759e-06	0.000143093846673857
ENSG00000128342.5	8.83739703563802	15.7067443428691	3.14362150120467	0.689261760645851	4.56085290189178	5.0946262235493e-06	0.00016120243274083
ENSG00000178719.17	2.53447859904267	59.2630414933995	1.34168898196433	0.294224225266605	4.56009011748979	5.11316731885027e-06	0.00016120243274083
ENSG00000212907.2	1.93373694957201	1464.32902506503	0.951391555228921	0.20899858126519	4.55214360532781	5.31020675144853e-06	0.000166773044987064
ENSG00000139211.7	3.47639423887129	34.3187153495031	1.79759169958987	0.396241672221883	4.53660436447805	5.71672057938122e-06	0.000178854803775526
ENSG00000187134.14	4.78363031343604	24.0079840908381	2.25810590007514	0.498026350624169	4.53410928406717	5.78470744115116e-06	0.000180293714430099
ENSG00000123240.17	3.25282201345248	37.350734877525	1.70169188375792	0.376287467152757	4.52231879162508	6.11658445987505e-06	0.000189915313703014
ENSG00000148773.14	0.239775396594331	27.9213785327626	-2.06024446379315	0.45591884072452	-4.51888423939474	6.21663708404039e-06	0.000192293487463694
ENSG00000164111.15	1.41583949540144	500.823864285972	0.501657725651796	0.111421126482227	4.50235733105619	6.72038666861977e-06	0.000207094020761941
ENSG00000160867.15	0.136396412660317	17.4142571253094	-2.874122394112	0.639297510918194	-4.4957509532362	6.93248407381796e-06	0.000212829857502194
ENSG00000051108.15	1.67482743120629	187.497822240855	0.744012452604033	0.166334719813644	4.47298347234782	7.71357415554211e-06	0.000235925997585741
ENSG00000018408.15	2.41652806841136	63.2847087742023	1.27293575202726	0.285228358757788	4.46286532507175	8.08708851394374e-06	0.000246430723229728
ENSG00000177697.19	1.67258185188094	192.864514003605	0.742076814402298	0.166405234856501	4.45945594825924	8.21679586519811e-06	0.000249151292459953
ENSG00000250644.3	4.65715007355861	23.4829518878713	2.21944737279391	0.497753875039143	4.4589253526542	8.23715996787205e-06	0.000249151292459953
ENSG00000048828.17	2.02921730169868	93.350118380585	1.02092336647291	0.230931687865765	4.42088903393088	9.82956447634647e-06	0.000296224044164015
ENSG00000152795.18	0.517248331000787	112.932612321799	-0.951071009921986	0.215319455927359	-4.41702309633758	1.00069541090768e-05	0.000300465211839202
ENSG00000136938.9	0.451684975445795	75.5860029333614	-1.14661116918	0.260753617051813	-4.39729727297381	1.09607178912517e-05	0.000327901476476607
ENSG00000198832.11	2.45175443039045	57.8720574336457	1.29381448481994	0.294501110098988	4.39324145292715	1.11672979998818e-05	0.000332156821798075
ENSG00000228253.1	2.6495215283445	1812.45945194618	1.40573184986084	0.319999667582303	4.39291659420017	1.11840042474404e-05	0.000332156821798075
ENSG00000145386.11	0.205041072842209	22.5231692985974	-2.28601516247139	0.521947023625154	-4.37978388418425	1.18797067515342e-05	0.000351544968383849
ENSG00000198901.14	0.298663927004517	34.8478135701163	-1.74340509719325	0.398733071110675	-4.37236142047855	1.22909833501914e-05	0.000362407160149347
ENSG00000105355.9	2.01698304641765	92.4869599067581	1.0121989575493	0.232491063017606	4.35371125415109	1.33851984764299e-05	0.00039308726523367
ENSG00000143549.21	0.624532140834482	219.769168791594	-0.679152274488363	0.156018593488891	-4.35302138867647	1.34274044486309e-05	0.00039308726523367
ENSG00000115677.18	1.51761881799557	268.157752038821	0.601809472937254	0.138648975869797	4.34052591562165	1.42142102415866e-05	0.00041464014715404
ENSG00000101160.15	1.91474160266991	106.587335106112	0.937149711367064	0.216009177060759	4.33847174513083	1.43476926107997e-05	0.000416830805405105
ENSG00000197879.17	2.04755404934795	87.110148672499	1.03390153523482	0.238346485109988	4.33780902939564	1.43910110930395e-05	0.000416830805405105
ENSG00000185482.8	0.143900326400104	16.6149569578535	-2.79685823043057	0.64740973921469	-4.32007438414994	1.55976615744904e-05	0.000450190253260908
ENSG00000108342.13	4.68113520634342	21.7732807413968	2.22685843535624	0.515821879633256	4.31710736454125	1.5808727401177e-05	0.000454681187745431
ENSG00000102312.24	4.90915077381145	20.7573551319678	2.29547347660205	0.532250966329233	4.31276525890259	1.61225270620739e-05	0.000462085154992377
ENSG00000173848.19	0.290009917608487	32.5390312678141	-1.78582585726809	0.41427857847015	-4.31068838717848	1.62747111741314e-05	0.000464821628900193
ENSG00000106484.16	0.462852072965348	77.069353971934	-1.11137691155099	0.257959425953173	-4.3083399935645	1.6448440500173e-05	0.000468152315208048
ENSG00000105251.11	0.0872896902685917	13.0177032212923	-3.51804492167841	0.819516878952652	-4.29282789901106	1.76411745560378e-05	0.000500362310850664
ENSG00000167900.12	0.245282773877903	25.6451470109825	-2.02748217739453	0.474369473407276	-4.27405701895536	1.91947914311671e-05	0.000542550708142333
ENSG00000111639.8	1.88314357267109	112.804015594484	0.913142996598148	0.213940460732413	4.26821085395467	1.97047028892511e-05	0.000555049654925055
ENSG00000142871.18	1.50119216601126	284.417388804119	0.586108666636353	0.137560112942237	4.26074575035036	2.03745910839639e-05	0.000571953846285109
ENSG00000130592.17	0.59063138177127	159.497591940574	-0.759670082264136	0.178488649733993	-4.25612543652662	2.08000039827974e-05	0.000581903183095531
ENSG00000013810.21	0.268764173952788	27.9612080311541	-1.89558725403761	0.445757592734175	-4.25250693411753	2.11390668953024e-05	0.000589377317485694
ENSG00000100526.21	0.201927120903944	20.7345000913989	-2.30809340231647	0.543460823780796	-4.24702812294606	2.16624777129061e-05	0.000601048477296301
ENSG00000173166.18	2.31346528745348	61.3768173651943	1.2100554520502	0.284947186269747	4.24659554597145	2.17043246650854e-05	0.000601048477296301
ENSG00000117399.14	0.359920756298915	42.7773830996598	-1.47424879132979	0.348204078160447	-4.23386423018998	2.29709657881511e-05	0.00063398318708914
ENSG00000166508.18	0.348168483130392	40.4742525532465	-1.5221424814716	0.359995404850278	-4.22822753002822	2.35539533068339e-05	0.000647891796161467
ENSG00000078098.15	3.27264378436408	32.0640668431518	1.71045657870437	0.404959636202742	4.22377053363421	2.40248667647179e-05	0.000658634892543118
ENSG00000157654.19	1.74875469940043	136.079858006485	0.806327934326458	0.191036066903831	4.22081519680976	2.43420435936462e-05	0.000665105771123727
ENSG00000167601.12	0.586784645103675	150.260325603336	-0.769096975618764	0.182655018937834	-4.21065339507876	2.54633158961402e-05	0.00069343123056698
ENSG00000139329.5	3.0428184997363	36.7992252074221	1.60540828148981	0.381550915699989	4.20758597458622	2.58113214629878e-05	0.000700580801430832
ENSG00000178999.13	0.199245346310226	19.9177667044821	-2.32738206669954	0.553278283763764	-4.20653066458193	2.59320910746451e-05	0.000701535810359293
ENSG00000163453.11	1.80717198732282	122.835614735314	0.853733813037267	0.203109244773618	4.20332326078423	2.63024537758705e-05	0.000709214518423719
ENSG00000243678.12	1.40794269826542	437.573770931213	0.493588619052936	0.117679485864477	4.19434717467553	2.7365857797263e-05	0.000735468643816934
ENSG00000132646.11	0.397012736617823	50.8708264360738	-1.33274280348734	0.318809479657685	-4.18037382363392	2.91030262802059e-05	0.000779599694179242
ENSG00000166803.14	0.164202308180945	17.2939064525456	-2.60645368776069	0.624175076254744	-4.17583749642852	2.96891714925073e-05	0.000792710549589843
ENSG00000135404.12	1.29528955432103	1029.33058179939	0.373274639910323	0.0894248528616622	4.17417113884178	2.99072883011583e-05	0.000795941695469462
ENSG00000164442.10	1.9803238877601	90.4292285115416	0.985736406593482	0.23652822669455	4.16752123147844	3.07929839583911e-05	0.000816861131090394
ENSG00000156804.7	3.70809963774087	26.315955204024	1.8906800101294	0.454415552518881	4.1606850814175	3.17294358870583e-05	0.000838987696665216
ENSG00000137809.17	3.58928702738605	27.8452703479071	1.8436972969152	0.444826087547732	4.14475982530444	3.40170055708962e-05	0.000896583262587255
ENSG00000149591.17	1.32935083161111	726.359990358065	0.410721899370333	0.0992624897288069	4.13773521591548	3.50750805802739e-05	0.000921507806142643
ENSG00000132821.12	11.0898282602696	11.5837586276568	3.47116511863984	0.840200145138071	4.13135505715656	3.60631053231324e-05	0.000944438576146059
ENSG00000157227.14	1.642301474893	179.332781867278	0.715718984856477	0.173424201516571	4.12698446120907	3.67551218942293e-05	0.000959495968684705
ENSG00000106236.4	0.66582677886954	269.735430247682	-0.586781199528785	0.142222704147036	-4.1257913288032	3.69462155684062e-05	0.000961422631791194
ENSG00000246705.5	2.5989114162587	46.55072350525	1.37790746047334	0.334072120543592	4.12458081875031	3.71410561928269e-05	0.000963434296242412
ENSG00000200169.1	0.0102059760102885	9.41805087859833	-6.61444203407019	1.61363254874007	-4.09910052894928	4.14758868104537e-05	0.00107248531288735
ENSG00000166483.12	0.278854405348157	27.1640751606992	-1.84241603200013	0.450223314553793	-4.09222706253254	4.27249983954167e-05	0.00110131072907934
ENSG00000170144.21	0.57647269898192	136.726515944606	-0.794675809605357	0.194776063573096	-4.07994593908162	4.50461757170835e-05	0.00115750314217221
ENSG00000188643.11	1.59643826608518	187.806969354574	0.674856765288359	0.165475698624374	4.07828322163648	4.53694775667925e-05	0.00116216752379687
ENSG00000080823.23	4.27594292711791	21.0606606229097	2.09624259690465	0.517030261276349	4.05439053360209	5.02651815121049e-05	0.00128356290608948
ENSG00000112081.17	0.62030666224663	175.177334136089	-0.688946474993723	0.170136904212441	-4.04936529310226	5.13567287238175e-05	0.00130736368120848
ENSG00000182054.10	0.311676284801259	30.7887197778034	-1.68187970925753	0.415656241496273	-4.04632371981983	5.2028271334643e-05	0.00132035832857607
ENSG00000086062.13	2.31797580443569	55.1009782775249	1.21286550724049	0.299802957532604	4.04554216950508	5.22021672880109e-05	0.00132068260882662
ENSG00000202444.1	0.0104005639392475	9.24088045982271	-6.58719443349509	1.62983770687699	-4.04162598871094	5.30818486945257e-05	0.00133880588845854
ENSG00000089280.19	0.585751913779575	136.759894884439	-0.771638332191113	0.191982863771089	-4.01930837489317	5.83692329049878e-05	0.00146604095255743
ENSG00000281618.1	4.24707518809433	24.3150098271751	2.08646964966263	0.519171529446081	4.01884450768851	5.84842492968501e-05	0.00146604095255743
ENSG00000115053.17	0.588667410792986	169.758901815203	-0.764475334042808	0.190353697412459	-4.01607819776855	5.91746281059466e-05	0.00147882447129404
ENSG00000105254.12	2.20680020847212	64.5339598258342	1.14195602187225	0.284882711563883	4.00851289151033	6.11023038380379e-05	0.00152201345759226
ENSG00000111206.13	0.258838907787452	23.7235181759698	-1.94987360022694	0.486513693390255	-4.00784937139036	6.12741784805962e-05	0.00152201345759226
ENSG00000228474.6	1.53001264164304	385.851798002422	0.613543573153467	0.153257358840313	4.00335473478146	6.2450553282203e-05	0.00154654738747498
ENSG00000078808.19	2.16419643684863	63.667164653311	1.11383145369588	0.278526170360051	3.9990190230815	6.36055681711254e-05	0.00157040615150215
ENSG00000198804.2	1.39741422071073	5754.50934495409	0.482759726965835	0.121617065475856	3.96950645928614	7.20216545707342e-05	0.00177285736491384
ENSG00000188486.4	0.416505357361478	49.7620635271211	-1.26359304229983	0.318795981491379	-3.963641688294	7.38150191974181e-05	0.00181156201305759
ENSG00000136153.20	1.58398391912133	190.676360530389	0.663557689002325	0.167560128714044	3.96011684936542	7.49130985442092e-05	0.0018275674665681
ENSG00000163734.4	10.3618142817161	10.8860597911814	3.37320472591107	0.851653909825274	3.96076937708548	7.47086609059724e-05	0.0018275674665681
ENSG00000199347.1	0.00913763520382736	10.5185960274294	-6.7739634367901	1.71511615074371	-3.94956541797638	7.82932116515837e-05	0.00190436040328793
ENSG00000150991.16	1.3356479157599	538.508842265841	0.417539755468744	0.105803545600108	3.94636827244775	7.93455423560178e-05	0.00192424677719609
ENSG00000168078.10	0.188039661783265	16.508575875529	-2.41089110413802	0.611649352892921	-3.94162291308773	8.09321435725548e-05	0.00195693445682664
ENSG00000122952.17	0.233018443355198	20.2807938942394	-2.10148394651407	0.533510869520811	-3.93897119359833	8.18317535584457e-05	0.00197286730564288
ENSG00000150556.17	8.32046957501191	11.9008357225916	3.05666495077313	0.777837411903721	3.92969649440245	8.50531488914187e-05	0.00204451806880633
ENSG00000134871.19	1.61018358872885	164.625120743772	0.687225189860792	0.175302755322322	3.92021898684489	8.84685419094045e-05	0.00212039952640757
ENSG00000170801.10	0.327350653025766	31.7845242196792	-1.61109123795239	0.41133226975385	-3.9167635423219	8.9745697336333e-05	0.002144739011854
ENSG00000082146.13	0.475224519093245	65.9686951849113	-1.07331882132934	0.275030465561078	-3.90254519309237	9.51864583643766e-05	0.0022661202352833
ENSG00000234571.2	0.203780101748043	17.495938950593	-2.29491490948245	0.588129163509212	-3.90205936360865	9.5377757859307e-05	0.0022661202352833
ENSG00000173812.11	1.35807487291894	462.40573719016	0.441563019944333	0.11327705036863	3.89808013633285	9.6958333204348e-05	0.00229701577247411
ENSG00000100297.16	0.235322626250248	20.1194398837607	-2.08728805265207	0.535949348433294	-3.89456216105814	9.83762625646326e-05	0.00232389113614494
ENSG00000236824.2	1.44363898884171	1110.51083613022	0.529710012222137	0.136124551804874	3.89136276445885	9.96827652020476e-05	0.00234798743207237
ENSG00000163110.15	1.95047894801292	80.0992695042116	0.96382842709292	0.248612723981806	3.87682662277356	0.000105827712843668	0.00248558671111617
ENSG00000130508.11	1.58245130477206	171.973031265411	0.662161105691684	0.170948354641634	3.87345702788306	0.000107302333833757	0.00251302065838659
ENSG00000269893.9	1.98929562804906	75.9000381005973	0.992257690162462	0.256404201230357	3.86989638001682	0.000108881620992454	0.00254274258482948
ENSG00000168496.4	0.249323117610753	20.9482982287606	-2.00391143702331	0.518316626292557	-3.86619169706555	0.000110548057052713	0.002574325067219
ENSG00000093010.15	1.88472934051321	87.97321877828	0.914357357904711	0.237128750194862	3.85595317798172	0.00011527955326617	0.00267223542319462
ENSG00000182004.13	0.421636162771719	51.099570016752	-1.24592948594347	0.323140635838874	-3.85568804340883	0.00011540457970122	0.00267223542319462
ENSG00000124795.17	0.414723713064916	48.1372518244308	-1.2697775548943	0.331095844281275	-3.83507548290332	0.000125525738406973	0.00289840697949846
ENSG00000161638.11	0.692399149784591	273.749198009619	-0.530324141705495	0.138634217587615	-3.82534810621582	0.000130587430717474	0.0030068122741324
ENSG00000135318.12	0.717666746993403	381.905642337054	-0.478614019738568	0.125417116504967	-3.81617783183217	0.000135534839432864	0.00311198621521342
ENSG00000069275.13	0.470737895362017	85.4912147631915	-1.08700409728783	0.285181334728669	-3.8116242717008	0.000138056617882067	0.00316103378988633
ENSG00000151725.12	0.130194755962886	12.093593108872	-2.94125675466876	0.772172386680408	-3.80906751575683	0.00013949186772279	0.00318499955354794
ENSG00000161547.17	0.524678771144933	83.5268740830242	-0.930493676134982	0.2449972850207	-3.79797545942749	0.00014588276267636	0.00331246815971779
ENSG00000166851.15	0.251630309304583	20.7897934986966	-1.99062238709859	0.524083522639495	-3.79829225897623	0.000145696469283529	0.00331246815971779
ENSG00000176890.16	0.356537453897717	33.79637371634	-1.48787445660737	0.392065528960667	-3.79496371576354	0.000147665049963796	0.00334367517832386
ENSG00000197746.15	1.42291290936414	289.778509294507	0.508847363147956	0.13411505868055	3.79411058052761	0.000148173631894483	0.00334594837641618
ENSG00000105677.12	2.44343110992292	43.4437236534356	1.28890842982558	0.339975722381236	3.79117785469473	0.000149934533495272	0.00336715992071436
ENSG00000143228.13	0.107275838407435	10.7879812850512	-3.22060291846644	0.849482260353608	-3.79125388342521	0.000149888635733713	0.00336715992071436
ENSG00000137804.14	0.341235965413926	31.490600880838	-1.55115838378265	0.409934558103339	-3.78391709876683	0.000154379264018423	0.00345750499223774
ENSG00000087586.18	0.284531013371379	23.5922063400024	-1.81334218260663	0.479817569582587	-3.77923256162572	0.00015731244972546	0.00350404932173804
ENSG00000142669.15	1.33756497347215	571.93991688412	0.41960897347965	0.111010677827099	3.77989740890689	0.000156892990721994	0.00350404932173804
ENSG00000187514.17	0.675768920361817	354.716592300308	-0.565398094594225	0.149905908490619	-3.77168652181316	0.000162147883763126	0.00360196803036951
ENSG00000145901.16	1.86673873789971	85.5962046296067	0.900520027236568	0.239147940679424	3.76553536140923	0.000166192599501529	0.00368183983274062
ENSG00000119681.12	1.61496505310133	148.645799671745	0.691502946180561	0.183685320938664	3.76460646200175	0.000166811587180325	0.00368559186015398
ENSG00000196230.14	0.743625352037755	430.467850831559	-0.427352138729392	0.113583767607748	-3.76244024767006	0.000168263516990939	0.00370767755046969
ENSG00000139926.16	1.83558426437108	92.8306568629438	0.87623934434751	0.233354862410896	3.75496501463342	0.000173365692662975	0.00380986215216732
ENSG00000130635.16	1.4128282347712	308.208638250521	0.498586080033731	0.132954962429788	3.75003738801422	0.000176808206545057	0.00387512531831507
ENSG00000112514.18	1.82162539623008	91.4668201216384	0.865226310091668	0.230933133283949	3.74665297174057	0.000179209736000209	0.00391728588264989
ENSG00000163029.16	0.282467470334919	22.9374779662951	-1.8238433621868	0.487350522498304	-3.74236463898147	0.000182296733174776	0.0039636241958452
ENSG00000164176.13	7.15245093594512	11.717384414627	2.83843769604913	0.758444347948712	3.74244689636882	0.000182237051998439	0.0039636241958452
ENSG00000182944.18	0.534442077934601	86.0182435476886	-0.903894495687362	0.241638811747794	-3.74068424335237	0.000183519959800931	0.00397966431346094
ENSG00000005243.10	2.71789913758845	33.8362984740683	1.44249191806227	0.386472916221708	3.73245279944729	0.000189624237611941	0.00408178728318933
ENSG00000106105.15	1.66349093710402	127.178039505017	0.734214006268446	0.196717785281359	3.73232143305357	0.000189723185908885	0.00408178728318933
ENSG00000115129.14	2.41956954865689	42.5889011115527	1.27475040896479	0.341479748786372	3.73301905455679	0.000189198275650915	0.00408178728318933
ENSG00000176171.12	0.60699494494347	140.657289173731	-0.720243593126924	0.193218950922408	-3.72760326918531	0.000193309360446295	0.00414805452245623
ENSG00000039560.14	2.0212870627334	65.6155175418782	1.0152742274931	0.272545397662181	3.72515638202605	0.000195194177020621	0.00417756310453794
ENSG00000102172.16	0.574228482670839	113.658739157467	-0.80030320253655	0.214953227260948	-3.72315043944421	0.000196752204892113	0.00419994224869962
ENSG00000147140.17	1.80771271633768	100.89552741327	0.85416542131137	0.229593686925191	3.72033496543694	0.000198958720080214	0.00423601202207145
ENSG00000165072.10	0.166585519648454	13.4154664983317	-2.58566509417968	0.695942165484024	-3.71534478354443	0.00020292680235907	0.00430930310605517
ENSG00000117450.15	1.36700640630046	371.556183054164	0.451020003965363	0.121425613294606	3.71437287181812	0.000203708244693733	0.00431471959109698
ENSG00000024526.17	0.155754282665785	12.9264267291052	-2.68265626232351	0.72300198354908	-3.71044108227042	0.000206898446113403	0.00436910042844913
ENSG00000137076.21	1.63969462965616	144.155446759948	0.71342715795196	0.192303646049754	3.70989927963912	0.000207341718514909	0.00436910042844913
ENSG00000147889.18	2.62136846741759	35.8502634571811	1.39032015746399	0.374861802106295	3.70888724765228	0.000208172096279711	0.00437535044411486
ENSG00000120217.14	0.134226020172418	11.7796789541172	-2.89726372487738	0.781465532569133	-3.7074747434508	0.000209336286781177	0.00438856660548672
ENSG00000142192.21	1.53142400242082	181.107196841221	0.614873774347217	0.166228779582094	3.69896100959795	0.000216483850857647	0.00452683195275543
ENSG00000101224.18	0.416899803973424	43.2119742672332	-1.26222740109711	0.341639251773433	-3.69462055236611	0.000220215396486154	0.00459314403307125
ENSG00000185088.14	1.60706616001674	191.547208369019	0.684429323389675	0.185918525904651	3.68134009270645	0.000232011282807099	0.00482689463241064
ENSG00000115310.19	1.36706124798175	355.304819591611	0.4510778809689	0.122655819207722	3.6775905446849	0.000235447509784986	0.00488598288027222
ENSG00000157456.8	0.296614214002132	23.6049823008164	-1.75334036028081	0.476921483089738	-3.67637110603989	0.000236575301327036	0.00488776354487158
ENSG00000285321.1	0.0629486730491362	8.82366581228984	-3.98968022335717	1.08527033076272	-3.67620869221888	0.000236725890852021	0.00488776354487158
ENSG00000112312.10	0.25595982349595	19.6596299539923	-1.9660107182243	0.53491906754846	-3.67534237886593	0.000237530654079086	0.00489205721478961
ENSG00000123975.5	0.451226786889044	53.7699021605392	-1.14807537962211	0.312452334631669	-3.67440166825927	0.000238407435517981	0.0048978088945887
ENSG00000072571.20	0.218135859214629	16.5399420313052	-2.19670114169627	0.598112100288599	-3.67272479629876	0.000239977885371334	0.00490566279059533
ENSG00000233276.8	1.59491202166378	147.925604707278	0.673476844422724	0.183372998946843	3.67271543951765	0.000239986675494538	0.00490566279059533
ENSG00000047936.11	5.726298847366	12.8893704514776	2.51760296449764	0.688628776953512	3.65596537460356	0.000256215939341318	0.00522438322084771
ENSG00000072195.15	0.299287256491407	23.4447852658391	-1.74039724401011	0.478049984990757	-3.6406177149943	0.000271984720921806	0.00551846227078228
ENSG00000262179.3	0.125222668439513	10.9556093653408	-2.99743234503695	0.823196661216516	-3.6412105226561	0.000271359123984177	0.00551846227078228
ENSG00000137767.14	5.22119040500561	13.9031507397089	2.38437877147046	0.655243885634726	3.63891800250947	0.000273785950405228	0.00554129243326333
ENSG00000116285.13	1.77512777538365	93.9488845519932	0.827922874914598	0.228002259880412	3.63120468783444	0.000282101329688105	0.00569552857008227
ENSG00000278144.1	14.11795024633	24.277172257235	3.81945873702926	1.05205344908135	3.63047974450766	0.000282894906292821	0.00569751731420701
ENSG00000213190.4	0.24894170587238	18.35286115467	-2.00612014574619	0.553429030617687	-3.62489142195366	0.000289082879273052	0.00579367325525967
ENSG00000228716.7	0.26436902389094	19.9916283309388	-1.91937494866556	0.529418374455677	-3.62544075021758	0.00028846903228215	0.00579367325525967
ENSG00000082641.16	1.74962444452527	101.006740535592	0.807045281962421	0.222814812813167	3.62204501475016	0.000292283243502525	0.00584352621217122
ENSG00000180879.14	1.56484640503413	159.296245981712	0.646021058710513	0.178726678576698	3.61457541680485	0.000300840236166573	0.00599347988792968
ENSG00000235174.1	2.22668386166982	348.000310595735	1.15489674286889	0.319541914148064	3.61422615229672	0.000301246030721853	0.00599347988792968
ENSG00000176619.13	0.386094877267157	35.6443059326283	-1.3729726822556	0.380433331057674	-3.60897053483324	0.000307414520178216	0.00610139666319815
ENSG00000165304.8	0.251727817312331	18.1895011795127	-1.99006344381926	0.553752014911932	-3.59378095289776	0.00032591386218658	0.00645293702498406
ENSG00000122861.16	0.65932915383956	180.166196214339	-0.600929219852723	0.167399995871003	-3.58978037440213	0.000330956688337852	0.00653699270916958
ENSG00000175084.13	0.76778753546481	587.9760619845	-0.381220955735415	0.106239503179587	-3.58831643904623	0.000332820193133023	0.00655799789209469
ENSG00000117592.9	1.53111229420232	174.211737673463	0.614580096258843	0.17133368681413	3.58703596290184	0.00033445821031079	0.00655848074503365
ENSG00000160097.20	0.0957934334496441	9.97088857936559	-3.38392942582086	0.943538853234101	-3.58642298006278	0.000335245020393937	0.00655848074503365
ENSG00000189159.16	0.611231528610913	134.05709805504	-0.710209132342473	0.198002620229109	-3.58686734307198	0.000334674474230734	0.00655848074503365
ENSG00000232679.2	15.6334068975885	7.96842485243657	3.96656030564053	1.10635572525548	3.5852485914732	0.000336757277231454	0.00657237952730054
ENSG00000070961.16	1.44719740056953	250.109069738512	0.533261721730709	0.149374645026191	3.56996143245868	0.000357033789829091	0.00695155813593601
ENSG00000116016.14	4.54646276391672	15.9345252590823	2.18474453704384	0.612971505780926	3.56418612682572	0.0003649869052086	0.00708956791941918
ENSG00000137818.12	1.27493567287383	669.450804610097	0.350424457462872	0.0983490790239695	3.56306801182619	0.000366545663944508	0.00710301372896722
ENSG00000196975.16	2.74864444048398	29.9336071137797	1.458720294582	0.410110464825803	3.55689605531428	0.000375262552029705	0.00725478098817805
ENSG00000119938.9	2.08485641493825	55.6744857011755	1.05994802799147	0.298227902674029	3.554154451973	0.000379196449149192	0.00731358422041394
ENSG00000143575.15	2.43050886733405	38.351246420584	1.28125839758485	0.360699079533558	3.55215322213109	0.000382092293375595	0.00735213739154872
ENSG00000066279.19	0.176441647614307	12.7793283195867	-2.5027369573774	0.706218732964537	-3.54385523996441	0.000394321689039018	0.00756968357155229
ENSG00000142552.8	1.66493389173023	113.192707278509	0.735464894433834	0.207738961503705	3.54033200662129	0.00039962396105844	0.00765354581494401
ENSG00000102760.13	15.269590927281	7.79411157301816	3.93258950770397	1.11168221993631	3.53751228289795	0.000403915398223798	0.00771770284205238
ENSG00000126709.16	2.42398627923004	42.0896143767907	1.27738153258033	0.361314048179074	3.5353774341684	0.00040719309437992	0.00776223673170279
ENSG00000125534.10	1.55498226352529	199.442004752198	0.636898124748132	0.180333967801165	3.53177015131376	0.000412787981109879	0.00785063359897374
ENSG00000122566.22	0.665372542535959	197.096647213463	-0.587765762126955	0.166538836409961	-3.52930148184822	0.00041665817493217	0.00788763755177598
ENSG00000142798.20	0.642555640235359	165.215274219688	-0.638106709193966	0.180783610010059	-3.52967124153821	0.00041607634376724	0.00788763755177598
ENSG00000003436.16	0.511652805394402	66.3861594953064	-0.966762928890457	0.274281270271822	-3.5247136194621	0.000423940841140349	0.00800211249765986
ENSG00000152377.14	2.44631082335709	38.528729937665	1.29060772145597	0.366206101551864	3.52426602393239	0.000424657671889965	0.00800211249765986
ENSG00000173641.18	7.78679131487045	9.82797605403744	2.9610289627214	0.841631436904392	3.51820147499762	0.000434482355978048	0.00816846759622031
ENSG00000170348.9	1.53019924835049	174.514653616141	0.613719519513686	0.174481307236168	3.51739409358614	0.000435806219690737	0.00817460774097247
ENSG00000119705.10	1.70097460103649	104.831351910201	0.766361598830649	0.217978959987637	3.51575949749514	0.000438498005241579	0.00820631997480645
ENSG00000110321.19	1.37257059398674	335.737746501341	0.456880351762703	0.130064973278206	3.51270861206764	0.000443563641177689	0.0082822122249055
ENSG00000015479.20	0.546735134150189	90.6845296917782	-0.87108600627951	0.248032385332043	-3.51198495758278	0.000444773172531765	0.00828592203464291
ENSG00000197958.13	1.21993213124689	1209.51793660362	0.286800888249537	0.0817108610122089	3.50994818432625	0.000448194024288101	0.0083307174990693
ENSG00000136450.13	0.584406373442069	102.483812726651	-0.774956182859696	0.22093031071633	-3.50769516571551	0.000452006666593041	0.00838257612231484
ENSG00000109805.10	0.158268864829754	11.4740758145347	-2.65955062320054	0.758884355187394	-3.50455323663091	0.000457374112021848	0.00846296974321239
ENSG00000151468.11	8.54538826201228	9.1460181321096	3.09514604262749	0.883486517059633	3.50333138408108	0.000459477452871066	0.00848274027293723
ENSG00000089685.15	0.296561733246078	21.3261016705694	-1.75359564280549	0.501374706222094	-3.49757500935578	0.000469508661142393	0.00864845504580718
ENSG00000161281.11	3.9660444152459	17.443964588259	1.98770083422238	0.568891530868698	3.49398914620361	0.000475860364250852	0.00874580135821577
ENSG00000073111.14	0.239483561574068	16.2273530037524	-2.06200146376719	0.590441725888594	-3.4923030899687	0.000478874528412588	0.00878150896957043
ENSG00000185883.12	1.77939292377405	92.757924167995	0.831385120266634	0.238105984216814	3.49165991355175	0.000480029020490647	0.00878303098428982
ENSG00000113719.17	1.63996106711086	118.039470293846	0.713661565481889	0.204766146796404	3.4852517207909	0.00049167427005093	0.00897606679645317
ENSG00000126067.12	0.510327020214738	63.9200812489908	-0.970506064966198	0.278858058733019	-3.48028695808777	0.00050087699585697	0.00912375274453242
ENSG00000175130.7	0.439828139092879	42.7677439196899	-1.18498818775882	0.34135895541975	-3.4713845028665	0.000517782015752646	0.00941077424196107
ENSG00000198826.11	0.34937221640944	27.5837010946543	-1.51716321142397	0.437146360734599	-3.47060698131963	0.000519283440609073	0.00941718221830215
ENSG00000112118.20	0.313122943917688	22.6478137277066	-1.67519886982341	0.483119944019895	-3.46745956270111	0.00052540278637819	0.00942694013366307
ENSG00000117724.14	0.339677611611448	26.1074815584895	-1.55776196257416	0.449262856402616	-3.4673731433033	0.000525571750772724	0.00942694013366307
ENSG00000123485.12	0.218185476838038	14.5879128489495	-2.19637302068258	0.633119496157001	-3.46912870953182	0.00052214923960729	0.00942694013366307
ENSG00000170312.17	0.231745078494043	15.7429704931728	-2.10938939382569	0.608106528085763	-3.46878268264239	0.000522822177914988	0.00942694013366307
ENSG00000244242.2	6.42421398195324	10.6704299923872	2.6835199478928	0.773811063393919	3.46792657127818	0.00052449058201545	0.00942694013366307
ENSG00000094916.16	0.444383461406657	43.5980875782772	-1.17012296985836	0.337703262380683	-3.46494422828323	0.000530341450154058	0.0094917224168402
ENSG00000162551.14	1.52971501712506	159.575624782593	0.613262906724704	0.177395272433384	3.45704199617269	0.000546139730489475	0.00975317509983056
ENSG00000129084.18	0.59954687696602	112.924521428586	-0.73805553637302	0.214099244256543	-3.44725895196832	0.000566305502623681	0.0100913178369703
ENSG00000166794.6	1.29253136063092	518.383287023398	0.370199285010485	0.107474627509757	3.44452726739506	0.000572058932195995	0.0101717289961184
ENSG00000184076.13	2.38353406535561	37.8248959097933	1.25310224448391	0.36440118139471	3.43879852334117	0.000584301919797768	0.0103669325467149
ENSG00000169679.15	0.249718168571649	16.5659999257038	-2.00162730463982	0.582285210638852	-3.43753759853138	0.000587029214764608	0.0103928260765129
ENSG00000040275.17	0.386257524814012	31.8843432236407	-1.37236505596456	0.399707360169123	-3.43342453184721	0.000596008096699269	0.0105290482082843
ENSG00000138668.19	0.630558013382206	138.294391135365	-0.665298985604982	0.193974732180523	-3.42982293686489	0.000603975238601085	0.0106012527426405
ENSG00000162607.13	0.212095822335859	13.9398476985677	-2.23721189058983	0.652237533308689	-3.43005695983309	0.000603454556756882	0.0106012527426405
ENSG00000185650.10	1.53075811237389	159.259404452422	0.614246328788716	0.179047696154023	3.43062961424715	0.000602182209181137	0.0106012527426405
ENSG00000166337.11	1.82718067777205	83.5263070571731	0.869619299558011	0.25395603064695	3.42429080082354	0.000616406224791211	0.0107963286850717
ENSG00000170577.8	0.444629924851471	42.4438789232311	-1.16932304579828	0.34226078603182	-3.41646806622354	0.000634391037408819	0.0110876403702347
ENSG00000069956.14	0.399923985705971	33.53672067158	-1.32220228455369	0.387690383951243	-3.41045932343777	0.000648535571866921	0.0113107363459429
ENSG00000173402.12	0.564672272615984	84.9405252758043	-0.82451430320252	0.241948627858614	-3.40780731223794	0.000654871208765732	0.0113969836480949
ENSG00000168273.8	3.02985043497834	23.1670359519705	1.59924657850326	0.470172558404288	3.40140348456516	0.000670407970642597	0.0116180425694659
ENSG00000174600.14	3.34815077845369	20.1328564244302	1.74336449874529	0.512465165616321	3.40191805358832	0.00066914698903397	0.0116180425694659
ENSG00000105968.19	0.559779392936485	84.4390998452156	-0.837069716685986	0.246400041666432	-3.39719795104249	0.00068079699795842	0.0116826733990752
ENSG00000135052.16	0.354718709492537	26.6132725637632	-1.49525266825045	0.44014776315601	-3.39716066606581	0.000680889769578529	0.0116826733990752
ENSG00000148120.18	1.8483225394938	71.400712198005	0.886216534635587	0.260820346899072	3.39780444728309	0.000679289577115133	0.0116826733990752
ENSG00000165272.16	0.166411600735021	10.9881691507424	-2.58717208605067	0.761602624951004	-3.39701046358278	0.000681263618977422	0.0116826733990752
ENSG00000196890.5	0.121174105325869	9.66215915372704	-3.04484666430545	0.895795935600528	-3.39904049940149	0.000676227022315787	0.0116826733990752
ENSG00000161013.17	2.55830800670382	31.2501869201823	1.35518996750095	0.399246662548286	3.394367679497	0.000687872721011632	0.0117224380335392
ENSG00000166619.15	0.50757222916962	58.9783429937709	-0.978314957810954	0.28814973837538	-3.39516170768296	0.000685880770688393	0.0117224380335392
ENSG00000284501.2	2.55830800670382	31.2501869201823	1.35518996750095	0.399246662548286	3.394367679497	0.000687872721011632	0.0117224380335392
ENSG00000115875.19	0.490990514195403	55.0143863351237	-1.02623294255808	0.302594453035881	-3.39144664504604	0.000695246984086293	0.0118235259928534
ENSG00000101439.9	1.5336198265321	148.485881446433	0.616940893301958	0.182089072532106	3.3881269464601	0.000703716856748474	0.0119427889746734
ENSG00000170961.7	2.2942801555523	40.5206987016455	1.19804157023244	0.354130160713647	3.38305432053043	0.000716844521189471	0.0121404432648556
ENSG00000068697.7	0.623282507077288	125.20278399007	-0.682041871962072	0.201907248347878	-3.37799597361132	0.000730161497596122	0.0123377844115952
ENSG00000136235.17	2.70418080574499	28.3861767670221	1.43519161568486	0.424928500652008	3.37748965645447	0.000731507042092874	0.0123377844115952
ENSG00000122565.19	0.541844287509255	74.8631658437944	-0.884049778204672	0.262253663022332	-3.37097208868877	0.000749034463312954	0.0126074650837295
ENSG00000161960.16	1.2920338913892	507.630874555734	0.369643913915615	0.109744934274851	3.36820935160304	0.000756581223030572	0.0127083940270115
ENSG00000100568.11	2.53872368079895	31.0788605703008	1.34410337803589	0.399177632798254	3.36718109332345	0.000759408022681744	0.0127297905151784
ENSG00000138356.14	2.78996125549221	26.0284257918452	1.48024508732422	0.439871646654446	3.36517504272575	0.000764951135248853	0.0127965397053772
ENSG00000129195.16	0.248613919464664	15.746103598607	-2.00802102222799	0.597660127990464	-3.35980422348006	0.000779977232464547	0.0130213307016535
ENSG00000183311.16	0.639873181376296	140.603277392373	-0.644142094038946	0.191933049833998	-3.3560769997458	0.000790565546549439	0.0131712719208654
ENSG00000083857.15	1.57625756431554	127.53894924031	0.656503293931343	0.195917191100575	3.35092234756635	0.00080542884349394	0.0133916840367542
ENSG00000137309.20	0.671820709882001	173.80843491985	-0.573851825388874	0.171290553192799	-3.35016622161857	0.000807630793533412	0.0134011125801485
ENSG00000133026.14	0.275900122038052	17.7241906753613	-1.85778200005318	0.554758753371019	-3.34881061139508	0.000811592520706712	0.0134396442267332
ENSG00000189091.13	0.614606498723995	111.650957182495	-0.70226507311218	0.211084343783758	-3.32694059883288	0.000878050885179377	0.0144816561485218
ENSG00000207166.1	1.84283764384322	502.690554844699	0.88192897344289	0.265080506143442	3.32702312317774	0.000877790892593024	0.0144816561485218
ENSG00000145431.11	1.60490950809544	115.642143142719	0.682491954106188	0.205461747507628	3.32174705211659	0.000894557498805643	0.014724272726325
ENSG00000143815.15	0.259085246383269	16.0867564852369	-1.94850123134048	0.587159968074826	-3.31851852524825	0.000904963195003752	0.0148467878274595
ENSG00000274266.1	1.73481731749704	445.65002009797	0.794783749825302	0.239514264343435	3.31831489036358	0.000905623266283976	0.0148467878274595
ENSG00000101040.20	0.416161315034544	34.3785382855196	-1.26478523169235	0.381814366601563	-3.31256584960356	0.000924443607791716	0.0151223277011738
ENSG00000132432.14	0.6769022417796	192.025035626643	-0.562980600058206	0.169979040768429	-3.3120589309901	0.000926120349638803	0.0151223277011738
ENSG00000050405.14	1.78477831195063	78.281815164553	0.835744887637215	0.252553550227818	3.30917893208519	0.000935700166045346	0.0152483782526316
ENSG00000155366.17	1.4436750862472	200.178807193077	0.529746085573726	0.160132824872782	3.3081667421691	0.000939088785496112	0.0152732356641104
ENSG00000173207.13	0.459903838189825	43.1249878559818	-1.12059585691224	0.338868007404652	-3.30688006074916	0.000943412761920141	0.0153131770484344
ENSG00000079332.15	2.00464431016186	53.266310680655	1.00334627783336	0.303466928708777	3.30627881628652	0.000945439599258935	0.0153157478164535
ENSG00000122641.11	2.32575616672252	36.1158830635323	1.21769985197029	0.368655982403334	3.30307904955694	0.000956294261028868	0.0154610336442872
ENSG00000009307.17	1.44056036180863	215.164075361314	0.526630113019454	0.159551616936892	3.30068803519398	0.000964480597799123	0.0155626918507075
ENSG00000163041.13	0.621873776828789	145.349958692692	-0.685306311995614	0.207688276130979	-3.29968703463755	0.000967927050545698	0.0155876189259786
ENSG00000182240.16	2.32644582166084	36.1130118073143	1.21812758996154	0.369517011206795	3.29653995084907	0.000978836921151407	0.015732404397408
ENSG00000186010.19	1.61380412491657	113.123687926222	0.690465482481658	0.20957170730019	3.29465027210298	0.000985442394913084	0.015807575951277
ENSG00000119969.15	0.239088398649484	14.4471549981116	-2.06438396741801	0.626953003619155	-3.29272522103113	0.000992213934399045	0.0158851125395878
ENSG00000239264.9	1.82247389089136	69.8693532893824	0.865898146375881	0.263323647574719	3.28834175871036	0.00100779420434563	0.0161030976472147
ENSG00000077152.11	0.247204206881479	14.9436703257169	-2.01622479988373	0.616066145742243	-3.2727407824927	0.00106510109647495	0.0169526867724372
ENSG00000108518.8	1.21984601615892	1245.22345146373	0.286699044718769	0.0875928037187862	3.27308902725853	0.00106378965316797	0.0169526867724372
ENSG00000147526.20	0.547290162891784	68.9451091357787	-0.869622169412276	0.266244666927973	-3.26625197584722	0.00108981228892199	0.0173123863028944
ENSG00000110958.16	0.601052939240782	102.548844394241	-0.734436029380887	0.224977234671727	-3.26449042923179	0.00109661167831088	0.0173867039209173
ENSG00000138180.16	0.224559700977732	13.3017402092681	-2.15482904700654	0.660992546981969	-3.25998993006092	0.00111416169474575	0.0176308560073956
ENSG00000092969.12	1.9731453425919	54.5991430478168	0.980497229408474	0.301136752140335	3.25598659891087	0.00112999084800687	0.0178468882102356
ENSG00000288656.1	4.596021708353	12.512907293296	2.2003856122702	0.676499633598584	3.25260429272582	0.00114352622605103	0.0180259316825775
ENSG00000177707.11	0.469941285458241	44.1313061182179	-1.08944757739425	0.3353426675398	-3.24875920319609	0.00115909552242958	0.0182362879027931
ENSG00000134590.14	1.68664566754542	92.6594662775269	0.754156922429652	0.232435580337404	3.2445846773326	0.00117622040105286	0.0184702655697899
ENSG00000126787.13	0.237126164828711	13.6317545973393	-2.07627323431976	0.642617666711274	-3.23096195743499	0.00123374359300661	0.0192996111295328
ENSG00000138134.12	0.285681248707767	17.2462802210389	-1.80752174984204	0.559374806046434	-3.2313249190061	0.00123217784807727	0.0192996111295328
ENSG00000198053.12	2.24213145904181	37.2773761098889	1.16487086768292	0.360830905397866	3.2283012631595	0.0012452775288583	0.0194429331505742
ENSG00000103363.16	1.49910735075214	156.806210476148	0.584103698063861	0.181246273517732	3.22270735131398	0.00126985219314601	0.0197889323711366
ENSG00000125995.16	1.55766669754098	124.976706308018	0.639386565077027	0.198671490740483	3.21831060256267	0.00128948099141544	0.0199886178779836
ENSG00000154734.16	1.84343606400204	64.4870724614231	0.882397380225189	0.274164296439132	3.21849851233671	0.0012886363924524	0.0199886178779836
ENSG00000196498.13	0.604805575412827	96.6019646425885	-0.725456655752714	0.225423160895025	-3.2181992873862	0.00128998156123622	0.0199886178779836
ENSG00000006634.8	0.200016513434768	11.498617414663	-2.32180898055252	0.722716447955215	-3.21261400252012	0.00131532935145992	0.0203429333847489
ENSG00000117525.14	2.43055769652555	31.2275469958019	1.28128738119637	0.399497393359182	3.20724841386983	0.00134011220430481	0.0206871934815188
ENSG00000163714.18	0.438989296132447	36.5471782315278	-1.18774233190327	0.370604016736517	-3.20488251142648	0.00135117621705774	0.0208187809233502
ENSG00000126247.11	1.27776141038495	515.076922111499	0.353618474634761	0.11042975570881	3.20220281540069	0.00136380940436347	0.0209740069185128
ENSG00000010810.17	1.75294799100927	76.058501833295	0.809783192773954	0.252976180949169	3.20102544727981	0.00136939437669811	0.0210204601232106
ENSG00000130147.16	2.53069006688363	28.1864638934187	1.33953083168827	0.420517788099756	3.18543203069094	0.00144538052171512	0.0221453909093436
ENSG00000111196.10	0.32603738340909	20.5488919812212	-1.61689070169843	0.508380165159342	-3.18047558207085	0.00147033529920642	0.0224857060589459
ENSG00000169764.16	1.6078997136364	113.306491650529	0.685177426945107	0.215561004876806	3.17857781066055	0.0014799948828157	0.0225912812931849
ENSG00000163466.16	1.37432769355475	246.462644052171	0.458726040181792	0.144457845711849	3.17550104614474	0.00149577982266413	0.0227897903464273
ENSG00000237649.8	0.329548484389308	20.3799010800413	-1.6014373594196	0.505285760874989	-3.16936965856002	0.00152769961211298	0.0232329382569389
ENSG00000111530.13	0.506643328993389	50.766371641146	-0.98095763084364	0.309631009295565	-3.16815048039083	0.00153412091665831	0.023287387321941
ENSG00000213281.5	0.394254552559984	28.9567244644778	-1.34280068060007	0.424164898738743	-3.16575153812325	0.00154682857286027	0.0234368832009901
ENSG00000138160.7	0.214550197511371	11.8332890613812	-2.22061286567921	0.701679421155989	-3.16471140342243	0.00155236843394721	0.0234774244521499
ENSG00000112759.19	0.38181749887646	26.4736565320016	-1.38904487123463	0.439016282941642	-3.16399396834964	0.00155620020584605	0.0234920314683611
ENSG00000124207.17	0.457142608645102	38.8675440109556	-1.1292838011781	0.357237094447467	-3.1611605254061	0.00157141871015859	0.0236781602337683
ENSG00000139209.16	0.315106098146557	18.904633235449	-1.66609042025052	0.528039564772121	-3.15523784845466	0.00160367311200082	0.0241198321083866
ENSG00000164109.14	0.279608215803559	15.9413503806318	-1.83852134245402	0.583315469665647	-3.15184739315734	0.0016224104252811	0.024356956512874
ENSG00000275031.2	2.44486550573549	29.6952285366643	1.28975510340027	0.409707976494304	3.14798631560985	0.00164399389380322	0.0246358646206672
ENSG00000178104.20	1.6796021064884	86.4334780223729	0.748119502655931	0.237897833530686	3.1447091869352	0.00166252004769631	0.0248680234141728
ENSG00000168653.11	1.42794961780058	186.88653797323	0.513945077804317	0.163756218408544	3.13847671129111	0.00169828429734141	0.0253567147273361
ENSG00000079393.21	0.244262351651551	13.3092079087043	-2.03349657786919	0.648795966735904	-3.1342620517506	0.00172286920716748	0.0256304154104388
ENSG00000242114.6	0.244262351651551	13.3092079087043	-2.03349657786919	0.648795966735904	-3.1342620517506	0.00172286920716748	0.0256304154104388
ENSG00000187608.10	2.68748050432474	24.1391550803779	1.42625428905892	0.455964397081115	3.1279948570309	0.00176003260980789	0.0261358465626727
ENSG00000112984.12	0.307958506425674	17.7560774822287	-1.69919211606653	0.543980328568368	-3.12362787187252	0.00178636225316815	0.0264371434972218
ENSG00000115415.20	2.02915502718746	44.9874745924546	1.02087909102392	0.326887432462334	3.12302948857342	0.00178999812626059	0.0264371434972218
ENSG00000127540.12	1.74541055345993	76.7017015001324	0.803566425417582	0.257284221879651	3.12326352368963	0.0017885752821101	0.0264371434972218
ENSG00000094804.12	0.185212003659586	10.0323335637771	-2.43275049165118	0.779236041573758	-3.12196864859838	0.00179646068380126	0.0264848709084872
ENSG00000166250.12	1.85422811184137	59.2514161968316	0.890818738881664	0.285461933108384	3.12062182576	0.00180469632294709	0.0265585202139987
ENSG00000288199.3	0.568878732831782	76.3810527977013	-0.813806947079559	0.260859842951526	-3.11970956461392	0.00181029437260119	0.0265931594484085
ENSG00000120889.13	2.11415688095407	40.2815297652801	1.08008243583922	0.346353177952161	3.11844240097721	0.00181809674673086	0.0266599982700409
ENSG00000012822.16	2.21239385944672	35.9125322576611	1.14560824293665	0.36806093879411	3.11255045615557	0.00185478305651283	0.0271493869897066
ENSG00000154096.14	1.55258990834358	133.704579472238	0.634676815347959	0.203978995987888	3.11148122028037	0.00186151313838883	0.0271665975816541
ENSG00000175390.15	1.45709019261361	163.598166650448	0.54309018173264	0.174553491959909	3.11131089750629	0.0018625872686214	0.0271665975816541
ENSG00000182154.8	1.88638728450936	56.2288483571213	0.915625898749912	0.294595610885348	3.10807719096079	0.00188308877153283	0.0274168359862427
ENSG00000238622.1	0.151016873403977	37.2997472390829	-2.72721834125598	0.877918572961856	-3.10645932920076	0.00189342352383977	0.0275184266399195
ENSG00000147065.17	1.36746847718478	247.271047180585	0.451507576466924	0.145441129024305	3.10440093181256	0.00190664767799543	0.0276615770204045
ENSG00000065154.12	2.03746449271901	44.1432126758726	1.02677491744209	0.331737677830281	3.09514108906071	0.00196719296256595	0.0284695471655961
ENSG00000107317.13	2.15430391389564	39.2735175740891	1.10722178940931	0.357765469450388	3.09482575585136	0.00196928549992595	0.0284695471655961
ENSG00000197702.14	1.79327908820604	65.1234876458094	0.842600032454928	0.272386890645392	3.0933942175355	0.00197881084325076	0.0285568881727579
ENSG00000126778.12	0.452685601932934	36.8919468958473	-1.14341867376723	0.369719322603224	-3.09266679846843	0.00198366722040951	0.0285766611699416
ENSG00000121152.10	0.198382458791165	10.5253486082369	-2.33364362830463	0.755706958861598	-3.08802717897431	0.00201490042245605	0.0289756820401268
ENSG00000164754.16	0.514144373933186	50.7876497842005	-0.959754563657535	0.311337152350221	-3.082685623648	0.0020514174574242	0.0294491574404661
ENSG00000071539.14	0.238576965716879	12.6637940522909	-2.06747333538399	0.671260099613906	-3.07998842262955	0.00207008641555659	0.0296134351628575
ENSG00000184445.12	0.22188193587418	11.5107423727462	-2.17213587703953	0.70521648422468	-3.08009799207628	0.00206932499227874	0.0296134351628575
ENSG00000224877.4	2.04690256171193	43.3007130785192	1.03344242767603	0.336038575932385	3.07536842997447	0.00210242665727416	0.0300236782398542
ENSG00000086598.11	1.52738084828623	129.979244218359	0.611059839100386	0.198769562130163	3.07421233186718	0.00211059157858009	0.0300878594254278
ENSG00000110955.9	1.36434588704644	242.374114671639	0.448209440745634	0.145937470802767	3.07124303498026	0.00213169561888146	0.0303359531041168
ENSG00000137563.13	0.416218581018508	29.6340251277587	-1.26458672293068	0.412421736870632	-3.06624653813373	0.00216764502037093	0.030794083590954
ENSG00000109685.19	0.492668835103863	44.3379445424675	-1.02130988133174	0.333525567871557	-3.06216368313044	0.00219743254808228	0.0311632432467654
ENSG00000003402.21	1.88339193187705	53.8687540743003	0.91333325451282	0.298383669078465	3.06093579897848	0.00220646400350069	0.0312372805469692
ENSG00000170955.10	0.474925266154918	40.0298635092263	-1.07422758487605	0.351324022032873	-3.05765480726374	0.00223076383773498	0.0315268468584717
ENSG00000122966.17	0.2324774210414	12.0082533435304	-2.10483749106851	0.689154262571626	-3.05423271012525	0.00225636980520477	0.0317791465519991
ENSG00000159377.11	0.717957225998787	205.478693841202	-0.478030200250801	0.15650320936987	-3.05444343394296	0.00225478530902537	0.0317791465519991
ENSG00000107281.10	4.14678195521579	12.3211607944167	2.05199218990144	0.67305305391339	3.0487822289348	0.00229770974893118	0.0323058778936344
ENSG00000181104.7	0.315394198605339	17.4358594229172	-1.66477197160194	0.546900692432681	-3.04401145333504	0.00233446252688932	0.0327664200906023
ENSG00000123219.13	0.20204403808841	10.3663232270816	-2.30725831375543	0.75837482824567	-3.04237196149133	0.00234721650599887	0.032889117435338
ENSG00000115963.14	1.87223150979168	55.044284345903	0.904758841639988	0.297597424642	3.04021058894707	0.00236412781684255	0.0330695490011236
ENSG00000112576.13	0.545477418556247	59.2191873712274	-0.874408621182177	0.287761533232381	-3.03865708303706	0.00237635180162128	0.0331839109333724
ENSG00000172216.6	2.18137897982296	35.5599523993943	1.12524043701841	0.370374870132424	3.03811226883748	0.0023806524373171	0.0331874286202181
ENSG00000123080.12	0.315388087587711	17.4361820875621	-1.66479992525574	0.548488439453541	-3.03525070995915	0.00240335813826549	0.0334470741245538
ENSG00000276168.1	1.31042554923104	263541.498491039	0.390035390441372	0.128563926064085	3.03378562231331	0.00241505978381704	0.033552957708387
ENSG00000135535.17	1.53549356596925	116.208893645528	0.618702467140424	0.204337418066509	3.02784714123698	0.00246302640486415	0.0341037625687018
ENSG00000186185.14	0.192490554687772	9.71211550446557	-2.37714043889505	0.784990835887581	-3.02823973251514	0.00245982863311772	0.0341037625687018
ENSG00000144746.7	2.19591394905318	36.2475412473448	1.13482152077907	0.375112842699945	3.02528037326308	0.00248402739503898	0.0343365473138862
ENSG00000143476.18	0.214238941681206	10.8566959824526	-2.22270735586309	0.734861482303171	-3.02466166670864	0.00248911402254184	0.0343489354255479
ENSG00000108468.15	0.490167254077634	42.36387839995	-1.02865398758551	0.340222637349479	-3.02347308691533	0.00249891254690765	0.0344261952050454
ENSG00000099875.16	2.01400366596095	43.7865035075328	1.0100663093918	0.334631943516592	3.01843959897308	0.00254080044946857	0.0348859988011622
ENSG00000287277.1	0.441069803972926	32.4430623527647	-1.18092109924908	0.391177845554063	-3.01888543196107	0.00253706453943589	0.0348859988011622
ENSG00000147162.14	1.93770979654958	48.3223612734546	0.954352519964088	0.316785268264992	3.01261648052954	0.00259006016486972	0.0355028815575871
ENSG00000090266.13	1.49975964278556	134.112161943441	0.584731307423462	0.194161406586586	3.01157329720261	0.00259897648582059	0.0355248429369337
ENSG00000119403.15	0.363635931847166	21.5556863814822	-1.45943333172368	0.484688677304605	-3.01107370578516	0.0026032565359208	0.0355248429369337
ENSG00000172663.9	3.69608978805286	13.498279082002	1.88599980415797	0.62638872091795	3.0109095856549	0.00260466397524669	0.0355248429369337
ENSG00000138600.10	2.15077031314615	35.7259180095165	1.10485346349726	0.367572568325147	3.00581044045684	0.00264874064364578	0.0360659917873163
ENSG00000108846.16	2.79128115026034	20.5825783414769	1.48092744638822	0.493179191114284	3.00281819077207	0.00267492180642896	0.0363620796804282
ENSG00000124145.6	1.79141025465837	61.0720878842165	0.841095769810184	0.280246602806087	3.00127017201408	0.00268855906960672	0.0364869514794144
ENSG00000100697.16	0.377605079924102	22.8775597709418	-1.40504992146935	0.468539707272271	-2.99878516091886	0.00271058367178627	0.0367250485250117
ENSG00000237889.11	0.545359421634111	57.7512280792503	-0.874720736741166	0.291793154961866	-2.99774248253178	0.00271987390903599	0.0367901096243697
ENSG00000100749.9	0.363656824409764	21.5598229890378	-1.45935044461612	0.487342645566421	-2.99450593518235	0.0027488970767927	0.0371214321885828
ENSG00000137812.21	0.165957222680581	8.56670071562203	-2.59111667608457	0.865639076327218	-2.99329910922957	0.00275979129258241	0.0371700181370351
ENSG00000150938.10	1.48134011466571	138.30267791557	0.566902920442525	0.189403069369349	2.99310313359826	0.00276156411436554	0.0371700181370351
ENSG00000149932.17	2.1363486390789	36.0557710652653	1.0951471052775	0.366065115130446	2.9916729565647	0.00277453321604325	0.037222338415559
ENSG00000183955.14	2.31782593141746	29.6721502743201	1.21277222410521	0.405361958668868	2.9918254492546	0.0027731477401743	0.037222338415559
ENSG00000111665.12	0.294795219270149	15.2987469650077	-1.76221496662525	0.589379820130221	-2.98994791887496	0.00279025017430707	0.037372027252933
ENSG00000168615.13	0.684936772741378	164.985168717014	-0.545957277416436	0.182631093762117	-2.9893993742794	0.00279526502210381	0.0373781197164517
ENSG00000076382.17	0.294749172500022	15.3010755943311	-1.76244033200222	0.58967508056202	-2.98883298633281	0.00280045163179558	0.0373864853840853
ENSG00000154556.19	5.01771696934818	9.60719202870536	2.32703109600941	0.779117797188342	2.98675130308553	0.0028195899253786	0.0375807782411843
ENSG00000041357.16	0.669505560362629	134.644702727145	-0.578832057449383	0.19386459086613	-2.98575441169185	0.00282879723545424	0.0376080180643255
ENSG00000168542.16	1.25777005509524	488.134382099393	0.330868193523848	0.110823682032139	2.98553691284049	0.00283080970424409	0.0376080180643255
ENSG00000100242.16	0.451443837633266	33.6014510888685	-1.14738157607995	0.384557382891955	-2.98364204439763	0.00284839788879515	0.0377804490201518
ENSG00000125356.7	1.59144658857805	95.5863668772567	0.670338738697597	0.224745253622502	2.98266026931783	0.00285754991951643	0.0378406085464881
ENSG00000070404.10	2.25424024304464	31.1804619012813	1.17264127725785	0.393679058402399	2.97867324214953	0.00289499322281213	0.038274612011921
ENSG00000101057.16	0.196370116310447	9.55092282630929	-2.3483526984885	0.788593781420323	-2.97789908292065	0.00290231528629936	0.0383096270560319
ENSG00000136628.18	1.89118374872966	50.3286149116812	0.919289543352348	0.308859060772321	2.97640464570995	0.00291649762922247	0.0384349374063289
ENSG00000171241.9	0.287792788379026	14.810029860426	-1.79689765395638	0.604096117541456	-2.97452276513441	0.00293444681111818	0.038609406919319
ENSG00000089006.17	0.532817022329981	52.6242305378336	-0.908287920813854	0.305460339930894	-2.97350523809193	0.00294419381398253	0.0386231056362363
ENSG00000122390.19	2.88503137432553	19.2296761392065	1.52858700806928	0.514081983635967	2.97343041912884	0.00294491167776597	0.0386231056362363
ENSG00000071242.12	2.6832982468416	21.7621409317046	1.42400741811905	0.47923502005909	2.97141769385608	0.00296428317021393	0.0388150625339355
ENSG00000168487.20	2.04871495433024	39.9144963196067	1.03471927054674	0.348322994212322	2.97057411580478	0.00297243671663691	0.0388597508234016
ENSG00000136436.15	1.64737153918759	82.0238386813092	0.720165969328765	0.243160738848155	2.96168687733131	0.00305958759893283	0.039935413293714
ENSG00000204262.14	1.43294771167083	163.565991578692	0.518985966550857	0.175301750360614	2.96052929011404	0.00307110917747542	0.0400220698374659
ENSG00000074842.8	1.60152220677936	91.390342365429	0.679443802725983	0.22972211376795	2.95767695839814	0.00309966776590093	0.0403301217096666
ENSG00000023902.14	0.510264389791177	44.8532182167357	-0.970683132107282	0.328548583648847	-2.9544584284215	0.00313218349318385	0.0406268390006857
ENSG00000185950.9	1.93661157339716	45.9592800610967	0.953534621299045	0.322746472995104	2.95443854877853	0.0031323852932089	0.0406268390006857
ENSG00000197448.14	1.92482797601286	47.6357550977594	0.944729516330759	0.319828757467213	2.95386044648473	0.00313825884754731	0.040638716861525
ENSG00000088247.19	0.620276325835818	90.5492469969657	-0.689017032449155	0.233493064169457	-2.95091006193273	0.00316839160594899	0.040964205037798
ENSG00000162144.10	2.57982748505773	23.439334605905	1.36727459480624	0.464045048166672	2.94642643038214	0.00321468880625044	0.0414973293619447
ENSG00000196683.12	1.35182795789465	236.958410474135	0.434911556882255	0.147791554054176	2.94273620482283	0.00325325500813411	0.041929137266785
ENSG00000106624.11	0.155825626942033	7.75229595802869	-2.68199557765056	0.912315424489129	-2.93976787595409	0.00328458212501936	0.042266435916458
ENSG00000135940.7	1.64984301791457	83.352260288608	0.72232875898598	0.246024496559667	2.93600340245304	0.00332470675777484	0.0427157073565523
ENSG00000079616.14	0.347118795011559	18.9305297975251	-1.52649861178401	0.520148091935328	-2.93473846285646	0.00333828933043924	0.0428147452901824
ENSG00000129925.11	3.02916259836371	17.3714579237501	1.59891902070741	0.544903914517444	2.93431369844972	0.00334286165496117	0.0428147452901824
ENSG00000070756.17	1.23758489619069	656.112037436369	0.307527494979941	0.104851727736758	2.93297498875768	0.00335730936837259	0.0429327065406398
ENSG00000156802.13	0.20031643831698	9.39422607447748	-2.31964727880267	0.792388954140232	-2.92740991237007	0.00341798065373501	0.0436404788452739
ENSG00000274012.1	1.30428084230203	222720.325814718	0.383254549148741	0.131018193967172	2.925200978154	0.00344233825160961	0.0438831207596329
ENSG00000178773.15	2.34911584777635	27.8079874730758	1.23211786230339	0.42183659749057	2.92084155247087	0.00349087317292839	0.0444327444075994
ENSG00000182667.15	1.9194490526048	46.630086692317	0.940692267645216	0.322835723383634	2.91384193107826	0.00357010625392651	0.0453707921913731
ENSG00000182628.13	0.479303056067028	37.0969810017522	-1.06098995618504	0.364304053531107	-2.91237483058763	0.00358691925357965	0.0455138964730532
ENSG00000196998.19	2.66684829649473	21.0747590750801	1.41513575960215	0.486001957993284	2.91179024349056	0.00359363867588022	0.0455286804114223
ENSG00000136104.21	0.288718773426057	13.9954637705103	-1.79226317557776	0.615752095089933	-2.91068952890204	0.00360632170818317	0.0455485655500423
ENSG00000158828.8	2.32856570284704	27.6384691014265	1.21944158983885	0.418901202495518	2.91104819602874	0.00360218448574159	0.0455485655500423
ENSG00000157551.19	4.27598909886649	10.9566542851544	2.09625817508102	0.720470097204234	2.90956999216969	0.0036192633695742	0.0456416951390765
ENSG00000008018.9	0.680172442899477	136.820120530233	-0.556027538264747	0.191243057833899	-2.90743907027295	0.00364401325191379	0.0457426900856621
ENSG00000125384.7	2.72666961706071	20.2380883901958	1.44713990351551	0.497580472413435	2.90835349003225	0.00363337380777099	0.0457426900856621
ENSG00000129235.11	1.6602706437214	76.4786892559979	0.731418437071284	0.251549613662608	2.907650806621	0.00364154714259009	0.0457426900856621
ENSG00000163918.12	0.315719284167448	15.9703879070846	-1.66328571157866	0.572174840157189	-2.90695360026967	0.00364967329189069	0.0457436880330703
ENSG00000129250.12	1.68848176604277	72.1189437428471	0.75572659972933	0.260334128796235	2.90291020706256	0.00369712623522342	0.0461971703508024
ENSG00000169020.10	1.36501370897574	235.663074972491	0.44891544035538	0.154621801765185	2.90331269737188	0.00369237762654252	0.0461971703508024
ENSG00000164932.13	0.466475135409166	33.9531966362788	-1.10012791194092	0.379523540553676	-2.89870797035665	0.0037470371459116	0.0467495639041666
ENSG00000162745.11	0.280996889395129	13.5020894072817	-1.83137393482927	0.63205378636047	-2.89749697628552	0.00376153364204466	0.0468591052641947
ENSG00000096060.15	0.626375034140929	90.9151036768358	-0.67490138359759	0.232983693508857	-2.8967751924318	0.0037701981556184	0.0468957728097178
ENSG00000156970.13	0.272571327080952	13.0104293247698	-1.87529428789386	0.648040224039455	-2.89379303680336	0.00380618948338576	0.0471289051288717
ENSG00000170558.10	1.68496740956198	71.6155490017037	0.752720687242136	0.260102146811166	2.89394261627764	0.00380437681318422	0.0471289051288717
ENSG00000188549.13	3.0211157253293	16.6914912881802	1.59508144827008	0.551163071530787	2.8940281572928	0.00380334054195844	0.0471289051288717
ENSG00000080986.13	0.237956058418811	10.87496351277	-2.07123290855661	0.716623926418855	-2.89026479887027	0.00384917446080322	0.0475892655432941
ENSG00000135926.15	1.70887577570987	67.9178636199711	0.773047526164922	0.26765843325221	2.8881866966489	0.0038746981656286	0.0478326820235808
ENSG00000117586.11	3.85385416541001	11.626602922318	1.94630197930864	0.675990229242113	2.87918655494583	0.00398702408740962	0.0491453179616492
ENSG00000149806.11	1.27223925503937	381.705349814254	0.347370006786226	0.120756476865448	2.87661594477686	0.00401964492976023	0.0494730172511181
